Product_ID,Sale_Date,Sales_Rep,Region,Sales_Amount,Quantity_Sold,Product_Category,Unit_Cost,Unit_Price,Customer_Type,Discount,Payment_Method,Sales_Channel,Region_and_Sales_Rep,Revenue,Cost,Profit,Profit_Margin,Year,Month,Month_Name,Year_Month
1070,2023-01-01,Eve,South,783.18,12,Furniture,664.33,863.03,Returning,0.25,Bank Transfer,Retail,South-Eve,10356.36,7971.960000000001,2384.3999999999996,23.02353336500469,2023,1,Jan,2023-01
1089,2023-01-01,Charlie,North,8130.13,35,Clothing,4071.01,4304.7,New,0.14,Credit Card,Online,North-Charlie,150664.5,142485.35,8179.149999999994,5.428717448370382,2023,1,Jan,2023-01
1008,2023-01-01,Eve,North,5227.81,38,Clothing,4635.23,5075.44,Returning,0.05,Cash,Online,North-Eve,192866.71999999997,176138.74,16727.97999999998,8.673336695931773,2023,1,Jan,2023-01
1064,2023-01-02,David,South,5533.7,10,Electronics,2242.01,2282.23,Returning,0.2,Credit Card,Online,South-David,22822.3,22420.100000000002,402.1999999999971,1.7623114234761488,2023,1,Jan,2023-01
1075,2023-01-02,David,West,919.09,26,Electronics,4535.38,4557.56,New,0.0,Credit Card,Online,West-David,118496.56000000001,117919.88,576.6800000000076,0.48666391665716496,2023,1,Jan,2023-01
1027,2023-01-03,Bob,East,7648.22,30,Furniture,745.93,1143.02,Returning,0.2,Credit Card,Online,East-Bob,34290.6,22377.899999999998,11912.7,34.74042448951025,2023,1,Jan,2023-01
1099,2023-01-03,Bob,East,5613.1,31,Furniture,4632.85,4711.700000000001,New,0.21,Cash,Retail,East-Bob,146062.7,143618.35,2444.350000000006,1.6734936434832477,2023,1,Jan,2023-01
1087,2023-01-03,Charlie,East,8057.76,20,Furniture,3625.94,3880.53,New,0.24,Bank Transfer,Online,East-Charlie,77610.6,72518.8,5091.800000000003,6.560701759811163,2023,1,Jan,2023-01
1074,2023-01-04,Eve,South,7508.72,38,Furniture,1394.74,1848.69,Returning,0.0,Bank Transfer,Retail,South-Eve,70250.22,53000.12,17250.1,24.55522559217608,2023,1,Jan,2023-01
1064,2023-01-04,Eve,East,7412.11,10,Electronics,4764.96,5074.42,New,0.12,Cash,Online,East-Eve,50744.2,47649.6,3094.5999999999985,6.098430953685345,2023,1,Jan,2023-01
1002,2023-01-04,Bob,East,2716.34,17,Furniture,1727.12,1865.83,New,0.21,Cash,Online,East-Bob,31719.11,29361.039999999997,2358.0700000000033,7.434224982983455,2023,1,Jan,2023-01
1051,2023-01-04,Eve,North,4979.36,14,Electronics,3686.81,3710.92,New,0.1,Bank Transfer,Retail,North-Eve,51952.880000000005,51615.34,337.54000000000815,0.6497041164994282,2023,1,Jan,2023-01
1090,2023-01-04,Eve,North,1028.39,14,Furniture,4037.21,4323.71,Returning,0.27,Credit Card,Online,North-Eve,60531.94,56520.94,4011.0,6.626253842186455,2023,1,Jan,2023-01
1086,2023-01-04,Bob,South,6530.14,8,Furniture,1569.31,1798.02,New,0.07,Credit Card,Online,South-Bob,14384.16,12554.48,1829.6800000000003,12.720103224658239,2023,1,Jan,2023-01
1081,2023-01-05,Bob,South,1429.32,44,Food,618.79,938.04,Returning,0.03,Cash,Online,South-Bob,41273.759999999995,27226.76,14046.999999999996,34.0337299049081,2023,1,Jan,2023-01
1052,2023-01-05,Bob,North,8837.34,11,Clothing,3451.59,3929.26,New,0.3,Credit Card,Retail,North-Bob,43221.86,37967.490000000005,5254.369999999995,12.15674198195079,2023,1,Jan,2023-01
1023,2023-01-05,Alice,East,6442.09,2,Clothing,575.32,914.77,Returning,0.26,Bank Transfer,Online,East-Alice,1829.54,1150.64,678.8999999999999,37.10768827136876,2023,1,Jan,2023-01
1087,2023-01-06,Eve,South,7698.92,46,Furniture,3702.51,3964.65,New,0.12,Bank Transfer,Online,South-Eve,182373.9,170315.46000000002,12058.439999999973,6.611932957511998,2023,1,Jan,2023-01
1062,2023-01-06,Eve,East,3439.72,15,Clothing,4756.55,4888.46,New,0.29,Credit Card,Online,East-Eve,73326.9,71348.25,1978.6499999999942,2.698395813814568,2023,1,Jan,2023-01
1034,2023-01-07,David,West,3677.9,28,Furniture,137.47,234.63,New,0.27,Bank Transfer,Retail,West-David,6569.639999999999,3849.16,2720.4799999999996,41.40987938456293,2023,1,Jan,2023-01
1021,2023-01-07,Bob,North,2971.45,9,Furniture,3365.28,3730.43,New,0.17,Bank Transfer,Online,North-Bob,33573.869999999995,30287.52,3286.349999999995,9.788415812654291,2023,1,Jan,2023-01
1085,2023-01-07,Eve,West,2719.89,16,Food,472.08,842.46,New,0.0,Cash,Retail,West-Eve,13479.36,7553.28,5926.080000000001,43.9641051207179,2023,1,Jan,2023-01
1069,2023-01-07,Alice,East,2574.57,6,Food,1768.6,2152.2,New,0.25,Bank Transfer,Retail,East-Alice,12913.199999999999,10611.599999999999,2301.6000000000004,17.823622339931237,2023,1,Jan,2023-01
1065,2023-01-07,Eve,North,2365.87,6,Clothing,2019.9,2116.74,New,0.11,Credit Card,Online,North-Eve,12700.439999999999,12119.400000000001,581.0399999999972,4.574959607698609,2023,1,Jan,2023-01
1041,2023-01-08,David,East,1714.05,36,Food,864.77,1170.16,Returning,0.11,Cash,Retail,East-David,42125.76,31131.72,10994.04,26.098140425240995,2023,1,Jan,2023-01
1039,2023-01-08,Eve,South,3613.75,4,Electronics,1054.12,1175.2199999999998,Returning,0.12,Bank Transfer,Retail,South-Eve,4700.879999999999,4216.48,484.39999999999964,10.304453634213163,2023,1,Jan,2023-01
1057,2023-01-09,Charlie,North,2114.38,12,Furniture,639.16,746.28,Returning,0.04,Bank Transfer,Retail,North-Charlie,8955.36,7669.92,1285.4400000000005,14.35386182130032,2023,1,Jan,2023-01
1066,2023-01-09,Alice,North,6264.04,48,Clothing,2588.54,2872.8,New,0.17,Cash,Online,North-Alice,137894.40000000002,124249.92,13644.480000000025,9.894876079086622,2023,1,Jan,2023-01
1067,2023-01-09,Charlie,North,1875.71,48,Electronics,210.63,533.5799999999999,New,0.04,Bank Transfer,Online,North-Charlie,25611.839999999997,10110.24,15501.599999999997,60.52513212639153,2023,1,Jan,2023-01
1051,2023-01-09,David,South,5785.45,23,Furniture,2598.18,3042.73,Returning,0.24,Credit Card,Online,South-David,69982.79,59758.14,10224.649999999994,14.610234887748824,2023,1,Jan,2023-01
1037,2023-01-09,Charlie,North,7750.81,41,Clothing,4965.07,5243.13,New,0.01,Credit Card,Online,North-Charlie,214968.33000000002,203567.87,11400.460000000021,5.3033207263600275,2023,1,Jan,2023-01
1054,2023-01-10,Eve,South,4634.16,40,Furniture,2654.11,2929.32,Returning,0.08,Cash,Online,South-Eve,117172.8,106164.40000000001,11008.399999999994,9.3950131771196,2023,1,Jan,2023-01
1094,2023-01-10,Eve,North,2548.67,25,Electronics,1933.39,1982.92,New,0.17,Bank Transfer,Online,North-Eve,49573.0,48334.75,1238.25,2.4978314808464286,2023,1,Jan,2023-01
1044,2023-01-11,Eve,North,3594.29,5,Food,4762.87,5050.46,New,0.25,Cash,Retail,North-Eve,25252.3,23814.35,1437.9500000000007,5.69433279344852,2023,1,Jan,2023-01
1084,2023-01-11,Bob,East,8967.18,21,Clothing,576.74,648.29,Returning,0.2,Bank Transfer,Online,East-Bob,13614.09,12111.54,1502.5499999999993,11.036727390519669,2023,1,Jan,2023-01
1088,2023-01-11,Alice,South,1758.16,11,Food,3884.13,3915.41,Returning,0.02,Cash,Online,South-Alice,43069.509999999995,42725.43,344.07999999999447,0.798894624062346,2023,1,Jan,2023-01
1077,2023-01-11,Eve,North,9192.42,35,Electronics,585.37,970.49,Returning,0.15,Bank Transfer,Retail,North-Eve,33967.15,20487.95,13479.2,39.68304670836382,2023,1,Jan,2023-01
1060,2023-01-11,Charlie,West,1016.99,34,Electronics,4984.21,5184.64,New,0.17,Cash,Online,West-Charlie,176277.76,169463.14,6814.619999999995,3.865842179977778,2023,1,Jan,2023-01
1078,2023-01-12,Eve,East,4481.2,36,Food,4548.88,4853.41,Returning,0.25,Credit Card,Retail,East-Eve,174722.76,163759.68,10963.080000000016,6.274557476083835,2023,1,Jan,2023-01
1094,2023-01-12,Eve,West,5835.21,38,Food,3443.98,3820.3,Returning,0.01,Credit Card,Retail,West-Eve,145171.4,130871.24,14300.159999999989,9.850535298274997,2023,1,Jan,2023-01
1048,2023-01-12,Charlie,East,6482.98,47,Clothing,702.44,1067.66,New,0.24,Cash,Retail,East-Charlie,50180.020000000004,33014.68,17165.340000000004,34.20751924770059,2023,1,Jan,2023-01
1045,2023-01-12,Charlie,South,9613.11,35,Furniture,3777.94,4188.66,New,0.17,Bank Transfer,Online,South-Charlie,146603.1,132227.9,14375.200000000012,9.805522529878298,2023,1,Jan,2023-01
1087,2023-01-12,Charlie,North,6701.79,21,Food,3724.38,3988.7,New,0.03,Bank Transfer,Retail,North-Charlie,83762.7,78211.98,5550.720000000001,6.626720485371175,2023,1,Jan,2023-01
1022,2023-01-12,Eve,East,2761.65,13,Food,2312.45,2504.6,Returning,0.06,Bank Transfer,Online,East-Eve,32559.8,30061.85,2497.9500000000007,7.671883733929572,2023,1,Jan,2023-01
1013,2023-01-12,Alice,West,7646.8,35,Electronics,1312.71,1352.11,Returning,0.22,Bank Transfer,Retail,West-Alice,47323.85,45944.85,1379.0,2.913964100553949,2023,1,Jan,2023-01
1090,2023-01-13,Alice,East,2359.53,17,Clothing,2382.98,2839.73,Returning,0.23,Bank Transfer,Retail,East-Alice,48275.41,40510.66,7764.75,16.084275617752393,2023,1,Jan,2023-01
1012,2023-01-13,Alice,East,8892.37,39,Furniture,3126.52,3465.79,New,0.08,Cash,Online,East-Alice,135165.81,121934.28,13231.529999999999,9.789110130734983,2023,1,Jan,2023-01
1033,2023-01-14,Alice,West,1740.92,24,Clothing,1345.67,1367.76,New,0.06,Bank Transfer,Online,West-Alice,32826.24,32296.08,530.1599999999962,1.6150494238755222,2023,1,Jan,2023-01
1058,2023-01-14,Bob,East,5235.14,6,Food,4987.71,4998.78,Returning,0.17,Cash,Retail,East-Bob,29992.68,29926.260000000002,66.41999999999825,0.22145403478448158,2023,1,Jan,2023-01
1024,2023-01-14,Bob,South,3334.75,45,Clothing,2693.99,3045.9399999999996,New,0.01,Cash,Retail,South-Bob,137067.3,121229.54999999999,15837.75,11.554725306473536,2023,1,Jan,2023-01
1056,2023-01-14,Charlie,West,5720.5,25,Food,2361.74,2584.35,Returning,0.2,Cash,Online,West-Charlie,64608.75,59043.49999999999,5565.250000000007,8.613771354499208,2023,1,Jan,2023-01
1042,2023-01-15,David,South,2298.55,46,Furniture,2172.38,2367.11,New,0.16,Cash,Retail,South-David,108887.06000000001,99929.48000000001,8957.580000000002,8.226487150998475,2023,1,Jan,2023-01
1027,2023-01-15,Bob,West,6261.2,26,Food,149.11,477.67,Returning,0.14,Cash,Retail,West-Bob,12419.42,3876.8600000000006,8542.56,68.78388845855925,2023,1,Jan,2023-01
1017,2023-01-15,Eve,North,289.53,6,Furniture,2594.42,3081.04,Returning,0.1,Bank Transfer,Retail,North-Eve,18486.239999999998,15566.52,2919.7199999999975,15.79401760444524,2023,1,Jan,2023-01
1094,2023-01-15,Bob,North,8872.33,45,Furniture,4470.91,4695.54,Returning,0.06,Cash,Retail,North-Bob,211299.3,201190.94999999998,10108.350000000006,4.783901319124108,2023,1,Jan,2023-01
1040,2023-01-15,Charlie,North,8601.77,19,Furniture,342.3,768.06,Returning,0.09,Credit Card,Online,North-Charlie,14593.14,6503.7,8089.44,55.43316928364972,2023,1,Jan,2023-01
1013,2023-01-16,Eve,East,6769.09,20,Clothing,3356.62,3759.01,Returning,0.05,Credit Card,Retail,East-Eve,75180.20000000001,67132.4,8047.8000000000175,10.704680221654126,2023,1,Jan,2023-01
1034,2023-01-16,Alice,North,1937.9,13,Furniture,366.31,492.68,New,0.12,Credit Card,Retail,North-Alice,6404.84,4762.03,1642.8100000000004,25.64950880896323,2023,1,Jan,2023-01
1009,2023-01-17,David,West,8401.07,12,Furniture,2278.67,2476.8,New,0.09,Cash,Retail,West-David,29721.600000000002,27344.04,2377.5600000000013,7.999434754521968,2023,1,Jan,2023-01
1080,2023-01-17,Bob,South,4224.0,47,Furniture,4035.33,4211.25,Returning,0.07,Bank Transfer,Online,South-Bob,197928.75,189660.51,8268.23999999999,4.177382012466603,2023,1,Jan,2023-01
1029,2023-01-17,Charlie,North,6275.06,31,Electronics,2719.0,3133.55,Returning,0.17,Bank Transfer,Retail,North-Charlie,97140.05,84289.0,12851.050000000003,13.229404349699225,2023,1,Jan,2023-01
1076,2023-01-17,Charlie,South,8464.23,16,Clothing,1964.15,2211.17,Returning,0.21,Bank Transfer,Online,South-Charlie,35378.72,31426.4,3952.3199999999997,11.171461262589489,2023,1,Jan,2023-01
1060,2023-01-17,Bob,South,2747.28,3,Electronics,1190.41,1582.89,New,0.02,Credit Card,Retail,South-Bob,4748.67,3571.2300000000005,1177.4399999999996,24.795153169203157,2023,1,Jan,2023-01
1016,2023-01-17,Eve,West,4598.02,21,Electronics,2863.74,2953.91,New,0.1,Bank Transfer,Retail,West-Eve,62032.11,60138.53999999999,1893.570000000007,3.052564228429449,2023,1,Jan,2023-01
1080,2023-01-18,Charlie,East,5138.02,44,Electronics,1763.67,1983.82,New,0.24,Credit Card,Online,East-Charlie,87288.08,77601.48000000001,9686.599999999991,11.097276970692896,2023,1,Jan,2023-01
1048,2023-01-19,Bob,West,5187.16,7,Clothing,4310.95,4723.2,Returning,0.05,Credit Card,Retail,West-Bob,33062.4,30176.649999999998,2885.7500000000036,8.728192750677517,2023,1,Jan,2023-01
1017,2023-01-20,Bob,East,496.59,29,Clothing,3410.49,3481.72,New,0.24,Bank Transfer,Retail,East-Bob,100969.87999999999,98904.20999999999,2065.6699999999983,2.0458279241294517,2023,1,Jan,2023-01
1092,2023-01-20,Charlie,East,2729.27,40,Electronics,4624.16,4731.98,New,0.2,Bank Transfer,Retail,East-Charlie,189279.19999999998,184966.4,4312.799999999988,2.278538793486019,2023,1,Jan,2023-01
1053,2023-01-20,David,West,8785.77,42,Furniture,2443.57,2943.3100000000004,New,0.29,Cash,Online,West-David,123619.02000000002,102629.94,20989.080000000016,16.978843546891095,2023,1,Jan,2023-01
1046,2023-01-20,Eve,East,4104.82,43,Clothing,4052.42,4199.3,New,0.1,Bank Transfer,Retail,East-Eve,180569.9,174254.06,6315.8399999999965,3.497725811444763,2023,1,Jan,2023-01
1003,2023-01-21,Charlie,North,6395.81,3,Furniture,1792.05,2091.23,Returning,0.09,Cash,Retail,North-Charlie,6273.6900000000005,5376.15,897.5400000000009,14.306412972269921,2023,1,Jan,2023-01
1035,2023-01-22,Alice,North,8387.48,28,Furniture,3771.38,4234.92,New,0.28,Credit Card,Retail,North-Alice,118577.76000000001,105598.64,12979.12000000001,10.945661311193607,2023,1,Jan,2023-01
1006,2023-01-22,Alice,South,5053.56,29,Electronics,4353.29,4405.8,New,0.04,Bank Transfer,Online,South-Alice,127768.20000000001,126245.41,1522.7900000000081,1.1918380316855117,2023,1,Jan,2023-01
1045,2023-01-22,Bob,East,4594.5,46,Food,2577.08,2961.56,Returning,0.1,Cash,Online,East-Bob,136231.76,118545.68,17686.080000000016,12.98234714137145,2023,1,Jan,2023-01
1018,2023-01-23,David,North,7019.59,20,Furniture,1140.62,1258.63,Returning,0.26,Bank Transfer,Online,North-David,25172.600000000002,22812.399999999998,2360.2000000000044,9.376067629088787,2023,1,Jan,2023-01
1037,2023-01-23,Bob,North,9813.81,40,Clothing,2790.11,3192.37,Returning,0.26,Bank Transfer,Online,North-Bob,127694.79999999999,111604.40000000001,16090.39999999998,12.600669721868066,2023,1,Jan,2023-01
1037,2023-01-23,Charlie,East,3649.93,25,Food,1074.62,1382.4299999999998,Returning,0.24,Credit Card,Retail,East-Charlie,34560.74999999999,26865.499999999996,7695.249999999996,22.265865179430417,2023,1,Jan,2023-01
1054,2023-01-24,Bob,East,6624.55,22,Electronics,4200.08,4647.28,Returning,0.11,Cash,Online,East-Bob,102240.15999999999,92401.76,9838.399999999994,9.622833141106192,2023,1,Jan,2023-01
1017,2023-01-24,Eve,North,4637.4,27,Electronics,927.89,1399.09,Returning,0.27,Credit Card,Online,North-Eve,37775.43,25053.03,12722.400000000001,33.67903422939197,2023,1,Jan,2023-01
1096,2023-01-25,Charlie,West,6206.16,27,Clothing,4809.0,4967.44,New,0.12,Cash,Online,West-Charlie,134120.87999999998,129843.0,4277.879999999976,3.1895704829851823,2023,1,Jan,2023-01
1048,2023-01-25,Eve,South,4961.85,7,Electronics,1655.43,2001.08,New,0.19,Bank Transfer,Online,South-Eve,14007.56,11588.01,2419.5499999999993,17.273172486857092,2023,1,Jan,2023-01
1011,2023-01-25,Eve,North,2896.48,22,Electronics,1324.52,1510.3,Returning,0.15,Cash,Retail,North-Eve,33226.6,29139.44,4087.16,12.30086737734225,2023,1,Jan,2023-01
1090,2023-01-25,Charlie,South,2381.12,17,Clothing,4190.26,4645.35,New,0.12,Credit Card,Retail,South-Charlie,78970.95000000001,71234.42,7736.530000000013,9.796678398828952,2023,1,Jan,2023-01
1083,2023-01-25,David,East,757.99,34,Clothing,1167.91,1547.2600000000002,New,0.11,Bank Transfer,Online,East-David,52606.84000000001,39708.94,12897.900000000009,24.51753422178562,2023,1,Jan,2023-01
1061,2023-01-25,Bob,East,2375.28,38,Furniture,4440.86,4506.8099999999995,Returning,0.24,Bank Transfer,Online,East-Bob,171258.77999999997,168752.68,2506.0999999999767,1.4633410327925829,2023,1,Jan,2023-01
1026,2023-01-26,David,East,2195.2,5,Food,4093.61,4117.88,Returning,0.12,Credit Card,Retail,East-David,20589.4,20468.05,121.35000000000218,0.5893809435923445,2023,1,Jan,2023-01
1018,2023-01-26,Alice,East,3187.45,11,Clothing,2414.82,2519.07,Returning,0.0,Cash,Online,East-Alice,27709.77,26563.02,1146.75,4.138432040395861,2023,1,Jan,2023-01
1023,2023-01-26,David,North,2676.34,36,Clothing,1991.72,2329.37,New,0.28,Credit Card,Retail,North-David,83857.31999999999,71701.92,12155.399999999994,14.495335648694708,2023,1,Jan,2023-01
1016,2023-01-27,Eve,North,2783.85,41,Food,3386.49,3430.99,New,0.21,Bank Transfer,Retail,North-Eve,140670.59,138846.09,1824.5,1.297001740022559,2023,1,Jan,2023-01
1092,2023-01-27,David,West,6939.75,26,Furniture,3697.29,4003.96,New,0.24,Cash,Online,West-David,104102.96,96129.54,7973.420000000013,7.659167424250005,2023,1,Jan,2023-01
1034,2023-01-27,Bob,East,414.26,38,Food,2729.75,3081.5,New,0.01,Bank Transfer,Online,East-Bob,117097.0,103730.5,13366.5,11.414895343177024,2023,1,Jan,2023-01
1065,2023-01-27,Bob,South,1621.54,12,Electronics,2035.68,2079.64,Returning,0.04,Cash,Online,South-Bob,24955.68,24428.16,527.5200000000004,2.1138273932026714,2023,1,Jan,2023-01
1009,2023-01-29,Eve,West,182.8,16,Clothing,3745.69,3883.77,Returning,0.18,Bank Transfer,Retail,West-Eve,62140.32,59931.04,2209.279999999999,3.555308373049895,2023,1,Jan,2023-01
1018,2023-01-29,David,West,6008.83,25,Food,4660.82,5011.429999999999,New,0.07,Bank Transfer,Online,West-David,125285.74999999999,116520.5,8765.249999999985,6.996206671548828,2023,1,Jan,2023-01
1042,2023-01-29,Eve,North,9772.37,25,Food,2403.54,2850.56,New,0.13,Bank Transfer,Online,North-Eve,71264.0,60088.5,11175.5,15.681830938482264,2023,1,Jan,2023-01
1092,2023-01-29,Bob,South,8936.33,13,Clothing,2684.5,2913.78,New,0.08,Credit Card,Retail,South-Bob,37879.14,34898.5,2980.6399999999994,7.8688164514822665,2023,1,Jan,2023-01
1007,2023-01-29,Charlie,West,2491.21,13,Furniture,3765.46,3860.56,Returning,0.22,Cash,Retail,West-Charlie,50187.28,48950.98,1236.2999999999956,2.463373189381843,2023,1,Jan,2023-01
1017,2023-01-29,Charlie,South,4882.09,19,Electronics,1233.12,1697.1899999999998,New,0.1,Credit Card,Online,South-Charlie,32246.609999999997,23429.28,8817.329999999998,27.3434323794036,2023,1,Jan,2023-01
1042,2023-01-31,Alice,North,5207.03,11,Food,635.2,814.1400000000001,Returning,0.02,Cash,Online,North-Alice,8955.54,6987.200000000001,1968.3400000000001,21.97902080723217,2023,1,Jan,2023-01
1057,2023-01-31,Charlie,North,975.01,36,Food,4995.3,5165.09,Returning,0.24,Cash,Online,North-Charlie,185943.24,179830.80000000002,6112.439999999973,3.2872612093883995,2023,1,Jan,2023-01
1069,2023-02-01,Eve,North,2726.73,18,Furniture,2760.21,3219.58,New,0.27,Bank Transfer,Retail,North-Eve,57952.44,49683.78,8268.660000000003,14.268010113120349,2023,2,Feb,2023-02
1097,2023-02-01,Alice,West,1099.68,27,Electronics,3955.19,4393.68,Returning,0.04,Credit Card,Online,West-Alice,118629.36000000002,106790.13,11839.23000000001,9.980016751333741,2023,2,Feb,2023-02
1096,2023-02-02,Alice,East,9289.0,31,Electronics,1724.24,2036.2,New,0.17,Cash,Online,East-Alice,63122.200000000004,53451.44,9670.760000000002,15.320695413024263,2023,2,Feb,2023-02
1035,2023-02-03,Charlie,North,1736.32,5,Food,4483.85,4795.42,Returning,0.23,Cash,Online,North-Charlie,23977.1,22419.25,1557.8499999999985,6.49724111756634,2023,2,Feb,2023-02
1052,2023-02-03,Bob,North,5053.97,18,Furniture,152.75,267.22,Returning,0.09,Cash,Online,North-Bob,4809.960000000001,2749.5,2060.460000000001,42.837362472868804,2023,2,Feb,2023-02
1013,2023-02-03,Bob,North,6520.2,42,Clothing,4625.33,4642.83,New,0.19,Credit Card,Online,North-Bob,194998.86,194263.86,735.0,0.3769252804862552,2023,2,Feb,2023-02
1026,2023-02-04,Alice,West,1554.93,19,Electronics,1265.48,1715.83,New,0.05,Credit Card,Retail,West-Alice,32600.769999999997,24044.12,8556.649999999998,26.246772698927046,2023,2,Feb,2023-02
1038,2023-02-04,Charlie,North,8753.31,7,Furniture,523.02,686.25,Returning,0.04,Cash,Online,North-Charlie,4803.75,3661.14,1142.6100000000001,23.78579234972678,2023,2,Feb,2023-02
1048,2023-02-05,David,North,9070.26,42,Electronics,4723.83,5186.19,Returning,0.22,Credit Card,Online,North-David,217819.97999999998,198400.86,19419.119999999995,8.915215215794252,2023,2,Feb,2023-02
1080,2023-02-05,Charlie,South,245.46,9,Electronics,1141.52,1550.19,New,0.28,Credit Card,Retail,South-Charlie,13951.710000000001,10273.68,3678.0300000000007,26.362574910172302,2023,2,Feb,2023-02
1030,2023-02-05,David,East,236.08,49,Furniture,2590.29,2925.86,Returning,0.26,Cash,Retail,East-David,143367.14,126924.20999999999,16442.930000000022,11.469106519108927,2023,2,Feb,2023-02
1027,2023-02-06,Eve,West,3668.23,45,Food,1153.9,1485.34,New,0.25,Credit Card,Retail,West-Eve,66840.3,51925.50000000001,14914.799999999996,22.314082970902277,2023,2,Feb,2023-02
1036,2023-02-06,Charlie,East,6242.69,26,Electronics,4266.36,4331.429999999999,Returning,0.14,Credit Card,Retail,East-Charlie,112617.17999999998,110925.35999999999,1691.8199999999924,1.5022752301203002,2023,2,Feb,2023-02
1026,2023-02-06,Bob,West,961.47,34,Electronics,68.33,219.08,New,0.02,Credit Card,Online,West-Bob,7448.72,2323.22,5125.5,68.81048018988497,2023,2,Feb,2023-02
1027,2023-02-07,Bob,West,7896.74,3,Food,999.09,1271.99,New,0.15,Credit Card,Online,West-Bob,3815.9700000000003,2997.27,818.7000000000003,21.454571183735727,2023,2,Feb,2023-02
1017,2023-02-07,Charlie,West,7542.3,2,Food,728.41,1094.92,New,0.24,Cash,Retail,West-Charlie,2189.84,1456.82,733.0200000000002,33.47367844226063,2023,2,Feb,2023-02
1081,2023-02-07,David,East,3068.03,41,Furniture,2782.08,2879.24,New,0.21,Bank Transfer,Online,East-David,118048.84,114065.28,3983.5599999999977,3.374501604590098,2023,2,Feb,2023-02
1077,2023-02-07,Eve,West,9605.34,12,Clothing,2427.46,2743.09,New,0.29,Credit Card,Retail,West-Eve,32917.08,29129.52,3787.5600000000013,11.50636690739276,2023,2,Feb,2023-02
1072,2023-02-07,Bob,East,5490.38,26,Food,3640.17,4002.63,New,0.05,Credit Card,Retail,East-Bob,104068.38,94644.42,9423.960000000006,9.05554597851913,2023,2,Feb,2023-02
1015,2023-02-08,Charlie,East,2669.81,23,Electronics,2644.77,2684.83,New,0.24,Cash,Online,East-Charlie,61751.09,60829.71,921.3799999999974,1.4920870222695624,2023,2,Feb,2023-02
1033,2023-02-08,Eve,North,8395.29,39,Electronics,4232.81,4345.25,Returning,0.12,Bank Transfer,Online,North-Eve,169464.75,165079.59000000003,4385.159999999974,2.587653184511808,2023,2,Feb,2023-02
1027,2023-02-08,Alice,West,7179.49,20,Electronics,1748.11,2220.9,New,0.23,Credit Card,Retail,West-Alice,44418.0,34962.2,9455.800000000003,21.28821648881085,2023,2,Feb,2023-02
1090,2023-02-08,Charlie,North,1740.91,44,Clothing,3542.18,3578.49,Returning,0.12,Cash,Online,North-Charlie,157453.56,155855.91999999998,1597.640000000014,1.0146737869883755,2023,2,Feb,2023-02
1048,2023-02-08,Charlie,West,7454.53,27,Clothing,3197.76,3572.61,Returning,0.08,Credit Card,Online,West-Charlie,96460.47,86339.52,10120.949999999997,10.492329137521304,2023,2,Feb,2023-02
1078,2023-02-08,Alice,South,9813.32,49,Furniture,3026.85,3183.58,Returning,0.25,Cash,Retail,South-Alice,155995.41999999998,148315.65,7679.7699999999895,4.923074023583506,2023,2,Feb,2023-02
1020,2023-02-09,Charlie,East,2102.32,29,Electronics,184.05,675.9100000000001,Returning,0.1,Cash,Retail,East-Charlie,19601.390000000003,5337.450000000001,14263.940000000002,72.77004334896658,2023,2,Feb,2023-02
1038,2023-02-09,Alice,East,5529.35,16,Furniture,3899.7,4228.18,New,0.27,Cash,Retail,East-Alice,67650.88,62395.2,5255.680000000008,7.768827249549462,2023,2,Feb,2023-02
1046,2023-02-09,Charlie,East,9709.7,3,Furniture,1216.16,1295.37,New,0.14,Cash,Retail,East-Charlie,3886.1099999999997,3648.4800000000005,237.6299999999992,6.114855215112264,2023,2,Feb,2023-02
1039,2023-02-09,David,South,9091.46,20,Food,2014.11,2056.35,Returning,0.21,Bank Transfer,Retail,South-David,41127.0,40282.2,844.8000000000029,2.0541250273542997,2023,2,Feb,2023-02
1092,2023-02-09,David,West,2749.17,34,Furniture,2037.41,2238.65,New,0.3,Credit Card,Online,West-David,76114.1,69271.94,6842.1600000000035,8.989346257789297,2023,2,Feb,2023-02
1092,2023-02-09,Alice,South,7192.33,14,Clothing,3586.58,4068.43,New,0.22,Credit Card,Online,South-Alice,56958.02,50212.119999999995,6745.9000000000015,11.843635013998032,2023,2,Feb,2023-02
1024,2023-02-10,David,East,6274.12,13,Clothing,1493.88,1781.09,New,0.04,Cash,Retail,East-David,23154.17,19420.440000000002,3733.729999999996,16.1255186430781,2023,2,Feb,2023-02
1056,2023-02-10,Bob,West,3063.9,42,Furniture,1080.12,1424.1699999999998,New,0.1,Cash,Online,West-Bob,59815.13999999999,45365.03999999999,14450.099999999999,24.157930584129705,2023,2,Feb,2023-02
1092,2023-02-10,Bob,East,5426.42,47,Furniture,3681.53,4076.96,Returning,0.17,Cash,Retail,East-Bob,191617.12,173031.91,18585.209999999992,9.699138573839328,2023,2,Feb,2023-02
1028,2023-02-11,Alice,East,2819.57,24,Clothing,2521.03,2766.05,Returning,0.16,Bank Transfer,Retail,East-Alice,66385.20000000001,60504.72,5880.4800000000105,8.858118978326509,2023,2,Feb,2023-02
1050,2023-02-11,Charlie,West,1011.46,48,Furniture,710.06,851.3499999999999,Returning,0.04,Bank Transfer,Online,West-Charlie,40864.799999999996,34082.88,6781.919999999998,16.59599459681682,2023,2,Feb,2023-02
1034,2023-02-11,Eve,South,2082.79,26,Electronics,667.0,718.72,New,0.2,Cash,Retail,South-Eve,18686.72,17342.0,1344.7200000000012,7.196126447016924,2023,2,Feb,2023-02
1014,2023-02-11,David,West,823.51,44,Food,2257.48,2747.81,Returning,0.27,Cash,Online,West-David,120903.64,99329.12,21574.520000000004,17.844392443436778,2023,2,Feb,2023-02
1021,2023-02-11,Charlie,West,3761.15,32,Food,900.79,1106.51,New,0.21,Cash,Online,West-Charlie,35408.32,28825.28,6583.040000000001,18.591788596578436,2023,2,Feb,2023-02
1076,2023-02-13,Eve,North,6697.98,17,Clothing,604.08,624.71,New,0.14,Bank Transfer,Retail,North-Eve,10620.07,10269.36,350.7099999999991,3.3023322821789227,2023,2,Feb,2023-02
1044,2023-02-14,David,West,9396.78,12,Electronics,2221.31,2494.48,Returning,0.22,Bank Transfer,Online,West-David,29933.760000000002,26655.72,3278.040000000001,10.950979763317408,2023,2,Feb,2023-02
1099,2023-02-14,David,South,7802.45,32,Clothing,1517.86,1948.46,New,0.02,Credit Card,Online,South-David,62350.72,48571.52,13779.200000000004,22.099504223848584,2023,2,Feb,2023-02
1074,2023-02-15,Alice,South,3320.38,31,Furniture,1138.32,1266.25,Returning,0.14,Cash,Retail,South-Alice,39253.75,35287.92,3965.8300000000017,10.103060217176708,2023,2,Feb,2023-02
1025,2023-02-15,David,South,4140.7,45,Clothing,1588.04,1703.64,New,0.2,Bank Transfer,Retail,South-David,76663.8,71461.8,5202.0,6.785471108919724,2023,2,Feb,2023-02
1074,2023-02-15,Bob,West,1383.82,1,Furniture,1304.23,1705.71,Returning,0.01,Cash,Retail,West-Bob,1705.71,1304.23,401.48,23.537412573063417,2023,2,Feb,2023-02
1094,2023-02-15,Charlie,South,8643.67,47,Food,3450.36,3557.38,New,0.2,Credit Card,Online,South-Charlie,167196.86000000002,162166.92,5029.940000000002,3.0083938179221796,2023,2,Feb,2023-02
1010,2023-02-16,David,East,1678.97,47,Furniture,2265.38,2429.9300000000003,Returning,0.06,Bank Transfer,Online,East-David,114206.71000000002,106472.86,7733.85000000002,6.771800010699913,2023,2,Feb,2023-02
1044,2023-02-16,David,South,7754.1,22,Food,3373.46,3454.76,Returning,0.22,Bank Transfer,Retail,South-David,76004.72,74216.12,1788.6000000000058,2.3532749018745225,2023,2,Feb,2023-02
1028,2023-02-16,Bob,East,4344.15,24,Electronics,1969.09,2241.96,Returning,0.02,Credit Card,Online,East-Bob,53807.04,47258.159999999996,6548.880000000005,12.171046762654115,2023,2,Feb,2023-02
1053,2023-02-16,Eve,West,3939.48,11,Furniture,1582.86,1942.55,New,0.17,Credit Card,Retail,West-Eve,21368.05,17411.46,3956.59,18.516383104681992,2023,2,Feb,2023-02
1007,2023-02-18,Alice,South,876.71,34,Clothing,1921.07,2289.27,Returning,0.07,Bank Transfer,Retail,South-Alice,77835.18,65316.38,12518.799999999996,16.0837297479109,2023,2,Feb,2023-02
1001,2023-02-18,David,West,7154.95,27,Clothing,939.02,1286.92,Returning,0.07,Credit Card,Retail,West-David,34746.840000000004,25353.54,9393.300000000003,27.033537438224602,2023,2,Feb,2023-02
1084,2023-02-19,David,West,2154.66,35,Food,465.61,812.9100000000001,New,0.16,Bank Transfer,Online,West-David,28451.850000000002,16296.35,12155.500000000002,42.72305667294043,2023,2,Feb,2023-02
1003,2023-02-19,Alice,East,937.2,45,Electronics,4974.14,5227.93,New,0.21,Bank Transfer,Online,East-Alice,235256.85,223836.30000000002,11420.549999999988,4.854502642537289,2023,2,Feb,2023-02
1002,2023-02-20,Charlie,West,9469.92,26,Food,508.94,557.69,New,0.22,Credit Card,Retail,West-Charlie,14499.940000000002,13232.44,1267.5000000000018,8.741415481719246,2023,2,Feb,2023-02
1017,2023-02-20,Charlie,North,8189.57,16,Furniture,102.23,167.12,New,0.04,Credit Card,Retail,North-Charlie,2673.92,1635.68,1038.24,38.828386787936815,2023,2,Feb,2023-02
1049,2023-02-21,Alice,East,783.55,31,Electronics,3570.24,3712.25,New,0.03,Credit Card,Online,East-Alice,115079.75,110677.43999999999,4402.310000000012,3.8254427907603312,2023,2,Feb,2023-02
1046,2023-02-22,Alice,South,3391.32,46,Clothing,2551.56,2841.68,New,0.09,Bank Transfer,Retail,South-Alice,130717.28,117371.76,13345.520000000004,10.209453562681233,2023,2,Feb,2023-02
1100,2023-02-23,Eve,North,849.43,43,Furniture,2116.09,2472.98,New,0.01,Credit Card,Retail,North-Eve,106338.14,90991.87000000001,15346.26999999999,14.431576478580489,2023,2,Feb,2023-02
1048,2023-02-23,Bob,West,7066.63,47,Food,4535.86,4641.41,New,0.27,Credit Card,Retail,West-Bob,218146.27,213185.41999999998,4960.850000000006,2.2740934328146,2023,2,Feb,2023-02
1008,2023-02-24,Eve,West,5751.69,22,Electronics,2269.32,2365.3500000000004,New,0.03,Cash,Retail,West-Eve,52037.70000000001,49925.04,2112.6600000000108,4.059864290696956,2023,2,Feb,2023-02
1094,2023-02-24,Bob,West,6171.59,7,Furniture,4122.38,4358.78,Returning,0.26,Bank Transfer,Retail,West-Bob,30511.46,28856.66,1654.7999999999993,5.4235359435438335,2023,2,Feb,2023-02
1099,2023-02-24,David,East,8090.0,35,Clothing,2610.19,2682.53,New,0.14,Cash,Retail,East-David,93888.55,91356.65000000001,2531.899999999994,2.6967079585316784,2023,2,Feb,2023-02
1054,2023-02-24,Alice,North,5664.52,43,Food,2124.72,2188.66,Returning,0.03,Credit Card,Retail,North-Alice,94112.37999999999,91362.95999999999,2749.4199999999983,2.9214222400921095,2023,2,Feb,2023-02
1068,2023-02-24,Bob,North,5118.51,22,Clothing,3619.61,3651.42,Returning,0.26,Bank Transfer,Online,North-Bob,80331.24,79631.42,699.820000000007,0.8711679291892007,2023,2,Feb,2023-02
1013,2023-02-25,Eve,East,4791.82,31,Food,2757.06,3023.97,Returning,0.21,Cash,Online,East-Eve,93743.06999999999,85468.86,8274.209999999992,8.826476453139408,2023,2,Feb,2023-02
1086,2023-02-26,Bob,West,2559.0,5,Electronics,4934.1,5191.02,New,0.3,Bank Transfer,Online,West-Bob,25955.100000000002,24670.5,1284.6000000000022,4.949316319336092,2023,2,Feb,2023-02
1085,2023-02-27,Eve,West,5324.01,45,Furniture,3325.96,3781.4,Returning,0.27,Credit Card,Online,West-Eve,170163.0,149668.2,20494.79999999999,12.044216427778064,2023,2,Feb,2023-02
1083,2023-02-27,Alice,West,1780.31,20,Clothing,3617.59,4003.5,New,0.01,Credit Card,Retail,West-Alice,80070.0,72351.8,7718.199999999997,9.639315598851002,2023,2,Feb,2023-02
1056,2023-02-28,Eve,North,6629.16,37,Electronics,1555.41,1609.94,Returning,0.16,Credit Card,Online,North-Eve,59567.78,57550.170000000006,2017.6099999999933,3.3870827484253963,2023,2,Feb,2023-02
1033,2023-02-28,David,West,4155.74,3,Clothing,2958.75,3177.64,Returning,0.17,Cash,Online,West-David,9532.92,8876.25,656.6700000000001,6.888445513022244,2023,2,Feb,2023-02
1025,2023-02-28,Bob,East,8236.13,14,Electronics,859.59,884.51,New,0.12,Bank Transfer,Online,East-Bob,12383.14,12034.26,348.8799999999992,2.8173791138596447,2023,2,Feb,2023-02
1007,2023-02-28,Charlie,East,1833.72,43,Furniture,3967.25,4272.92,New,0.27,Credit Card,Online,East-Charlie,183735.56,170591.75,13143.809999999998,7.153656047854861,2023,2,Feb,2023-02
1087,2023-02-28,Alice,West,7534.3,15,Furniture,4074.66,4261.11,Returning,0.05,Credit Card,Retail,West-Alice,63916.649999999994,61119.899999999994,2796.75,4.375620436928406,2023,2,Feb,2023-02
1012,2023-02-28,David,East,5650.72,33,Food,3831.09,3908.37,New,0.29,Cash,Retail,East-David,128976.20999999999,126425.97,2550.2399999999907,1.977294882521351,2023,2,Feb,2023-02
1029,2023-03-01,David,East,6773.89,28,Clothing,2873.53,3108.3,New,0.15,Credit Card,Retail,East-David,87032.40000000001,80458.84000000001,6573.559999999998,7.553003249364601,2023,3,Mar,2023-03
1041,2023-03-01,Charlie,East,4170.8,44,Electronics,3288.39,3391.46,New,0.05,Credit Card,Retail,East-Charlie,149224.24,144689.16,4535.079999999987,3.039104102657844,2023,3,Mar,2023-03
1034,2023-03-01,Charlie,West,2842.42,45,Food,2013.12,2321.87,New,0.18,Bank Transfer,Retail,West-Charlie,104484.15,90590.4,13893.75,13.297471434662578,2023,3,Mar,2023-03
1058,2023-03-02,Eve,West,9333.83,39,Food,3542.8,3603.02,Returning,0.26,Cash,Online,West-Eve,140517.78,138169.2,2348.579999999987,1.671375679291252,2023,3,Mar,2023-03
1058,2023-03-02,Eve,East,5463.43,49,Furniture,1307.22,1528.4,Returning,0.24,Cash,Retail,East-Eve,74891.6,64053.78,10837.820000000007,14.471342580476323,2023,3,Mar,2023-03
1023,2023-03-02,David,West,1260.32,39,Food,4450.61,4663.339999999999,New,0.24,Cash,Retail,West-David,181870.25999999998,173573.78999999998,8296.470000000001,4.561751877409755,2023,3,Mar,2023-03
1035,2023-03-03,Bob,West,2494.74,47,Electronics,2936.48,3096.64,New,0.06,Bank Transfer,Online,West-Bob,145542.08,138014.56,7527.5199999999895,5.1720574558230785,2023,3,Mar,2023-03
1095,2023-03-03,Eve,East,6518.35,16,Electronics,3591.05,3625.35,Returning,0.05,Credit Card,Retail,East-Eve,58005.6,57456.8,548.7999999999956,0.9461155474643752,2023,3,Mar,2023-03
1007,2023-03-03,Eve,West,4694.54,1,Food,2543.26,2637.9100000000003,Returning,0.2,Credit Card,Online,West-Eve,2637.9100000000003,2543.26,94.65000000000009,3.588067826423194,2023,3,Mar,2023-03
1089,2023-03-03,Charlie,North,2122.73,4,Furniture,4117.67,4280.06,Returning,0.18,Bank Transfer,Online,North-Charlie,17120.24,16470.68,649.5600000000013,3.794105690107155,2023,3,Mar,2023-03
1070,2023-03-04,Bob,South,8771.24,15,Electronics,3653.66,3896.19,New,0.03,Credit Card,Retail,South-Bob,58442.85,54804.899999999994,3637.9500000000044,6.224799098606596,2023,3,Mar,2023-03
1033,2023-03-04,Bob,West,8499.41,14,Clothing,362.38,753.81,Returning,0.19,Cash,Retail,West-Bob,10553.34,5073.32,5480.02,51.92687812578767,2023,3,Mar,2023-03
1094,2023-03-04,Bob,North,3992.63,49,Food,615.47,715.84,Returning,0.21,Credit Card,Retail,North-Bob,35076.16,30158.030000000002,4918.130000000001,14.021289673670095,2023,3,Mar,2023-03
1009,2023-03-04,David,East,198.79,1,Clothing,3223.07,3590.83,New,0.19,Bank Transfer,Retail,East-David,3590.83,3223.07,367.75999999999976,10.241643296953622,2023,3,Mar,2023-03
1099,2023-03-04,David,East,7952.11,10,Furniture,1531.2,1955.56,New,0.0,Credit Card,Online,East-David,19555.6,15312.0,4243.5999999999985,21.700177954141004,2023,3,Mar,2023-03
1058,2023-03-05,Eve,North,252.41,48,Furniture,2596.72,2715.0499999999997,Returning,0.04,Cash,Online,North-Eve,130322.4,124642.56,5679.8399999999965,4.358299110513616,2023,3,Mar,2023-03
1050,2023-03-05,Bob,North,9755.9,20,Electronics,3318.92,3785.91,New,0.24,Bank Transfer,Online,North-Bob,75718.2,66378.4,9339.800000000003,12.334947212162998,2023,3,Mar,2023-03
1024,2023-03-06,Alice,South,9602.64,35,Electronics,1258.53,1624.89,New,0.08,Credit Card,Online,South-Alice,56871.15,44048.549999999996,12822.600000000006,22.546757011243848,2023,3,Mar,2023-03
1067,2023-03-08,Bob,East,7078.22,28,Electronics,3489.85,3842.55,New,0.03,Bank Transfer,Online,East-Bob,107591.40000000001,97715.8,9875.600000000006,9.178800536102333,2023,3,Mar,2023-03
1005,2023-03-08,Alice,North,4426.26,12,Clothing,253.29,683.78,New,0.25,Credit Card,Online,North-Alice,8205.36,3039.48,5165.880000000001,62.95738395390331,2023,3,Mar,2023-03
1058,2023-03-09,Eve,South,3788.08,40,Furniture,2249.76,2598.4,Returning,0.18,Credit Card,Retail,South-Eve,103936.0,89990.40000000001,13945.599999999991,13.417487684729057,2023,3,Mar,2023-03
1027,2023-03-10,Eve,South,3985.34,21,Food,2511.41,2848.3999999999996,Returning,0.06,Bank Transfer,Online,South-Eve,59816.399999999994,52739.61,7076.789999999994,11.830852408369601,2023,3,Mar,2023-03
1040,2023-03-10,Charlie,East,2331.27,13,Clothing,2750.18,2882.85,Returning,0.24,Credit Card,Online,East-Charlie,37477.049999999996,35752.34,1724.7099999999991,4.6020431170543015,2023,3,Mar,2023-03
1040,2023-03-10,Alice,East,1004.78,42,Electronics,4205.29,4382.35,New,0.25,Cash,Retail,East-Alice,184058.7,176622.18,7436.520000000019,4.040298013622838,2023,3,Mar,2023-03
1038,2023-03-11,Bob,South,1452.35,15,Clothing,2543.36,2790.1000000000004,Returning,0.07,Cash,Online,South-Bob,41851.50000000001,38150.4,3701.100000000006,8.843410630443366,2023,3,Mar,2023-03
1038,2023-03-13,David,North,763.46,9,Clothing,400.42,446.11,New,0.01,Bank Transfer,Retail,North-David,4014.9900000000002,3603.78,411.21000000000004,10.241868597431127,2023,3,Mar,2023-03
1030,2023-03-13,Alice,North,9385.86,39,Food,2511.28,2658.0600000000004,New,0.19,Credit Card,Retail,North-Alice,103664.34000000001,97939.92000000001,5724.419999999998,5.52207248895811,2023,3,Mar,2023-03
1032,2023-03-13,Alice,North,5768.81,20,Electronics,4741.59,4975.2300000000005,New,0.09,Credit Card,Online,North-Alice,99504.6,94831.8,4672.800000000003,4.696064302554859,2023,3,Mar,2023-03
1061,2023-03-13,Bob,South,6321.42,11,Clothing,2594.71,2769.52,Returning,0.01,Bank Transfer,Retail,South-Bob,30464.72,28541.81,1922.9099999999999,6.311924087928593,2023,3,Mar,2023-03
1021,2023-03-14,David,South,7792.79,23,Food,580.75,956.16,Returning,0.07,Cash,Retail,South-David,21991.68,13357.25,8634.43,39.26225736278447,2023,3,Mar,2023-03
1062,2023-03-14,Alice,East,4178.39,24,Food,3018.01,3418.19,Returning,0.23,Bank Transfer,Retail,East-Alice,82036.56,72432.24,9604.319999999992,11.707365594071707,2023,3,Mar,2023-03
1090,2023-03-14,David,East,6761.43,47,Furniture,2310.82,2714.71,New,0.19,Cash,Retail,East-David,127591.37,108608.54000000001,18982.829999999987,14.877832254642293,2023,3,Mar,2023-03
1060,2023-03-15,David,South,8594.43,44,Clothing,2211.95,2512.8399999999997,Returning,0.04,Cash,Online,South-David,110564.95999999999,97325.79999999999,13239.160000000003,11.974101017175789,2023,3,Mar,2023-03
1097,2023-03-16,David,South,471.95,35,Food,1958.49,2254.84,New,0.16,Credit Card,Online,South-David,78919.40000000001,68547.15,10372.250000000015,13.14283940323927,2023,3,Mar,2023-03
1039,2023-03-16,Eve,North,6076.01,35,Furniture,2735.74,3181.2299999999996,New,0.1,Credit Card,Retail,North-Eve,111343.04999999999,95750.9,15592.149999999994,14.00370297023478,2023,3,Mar,2023-03
1098,2023-03-16,David,South,6780.38,11,Furniture,741.48,878.09,New,0.29,Cash,Retail,South-David,9658.99,8156.280000000001,1502.7099999999991,15.557630766777883,2023,3,Mar,2023-03
1062,2023-03-16,David,West,4195.06,45,Furniture,4849.6,5166.72,Returning,0.25,Credit Card,Online,West-David,232502.40000000002,218232.00000000003,14270.399999999994,6.13774309426483,2023,3,Mar,2023-03
1036,2023-03-17,Alice,East,2583.84,23,Food,3335.53,3742.12,New,0.03,Bank Transfer,Retail,East-Alice,86068.76,76717.19,9351.569999999992,10.865231473068732,2023,3,Mar,2023-03
1017,2023-03-17,Bob,North,2401.81,28,Clothing,3780.91,3892.73,Returning,0.1,Cash,Retail,North-Bob,108996.44,105865.48,3130.9600000000064,2.8725341855201934,2023,3,Mar,2023-03
1024,2023-03-17,Eve,South,5825.15,46,Electronics,2016.49,2338.66,Returning,0.19,Bank Transfer,Retail,South-Eve,107578.35999999999,92758.54,14819.819999999992,13.775837445374698,2023,3,Mar,2023-03
1095,2023-03-18,Eve,South,8057.67,43,Furniture,1331.86,1758.98,Returning,0.23,Bank Transfer,Retail,South-Eve,75636.14,57269.979999999996,18366.160000000003,24.28225448839669,2023,3,Mar,2023-03
1016,2023-03-18,David,South,485.9,4,Food,688.98,863.8100000000001,New,0.27,Credit Card,Retail,South-David,3455.2400000000002,2755.92,699.3200000000002,20.239404498674478,2023,3,Mar,2023-03
1035,2023-03-19,Bob,South,5343.63,9,Clothing,2534.94,2755.56,Returning,0.13,Credit Card,Retail,South-Bob,24800.04,22814.46,1985.5800000000017,8.00635805426121,2023,3,Mar,2023-03
1020,2023-03-19,Eve,West,9335.96,19,Food,1783.48,1931.56,Returning,0.27,Bank Transfer,Retail,West-Eve,36699.64,33886.12,2813.519999999997,7.666342231149943,2023,3,Mar,2023-03
1030,2023-03-19,David,East,1874.63,2,Clothing,844.94,1225.64,Returning,0.23,Credit Card,Online,East-David,2451.28,1689.88,761.4000000000001,31.061323063868674,2023,3,Mar,2023-03
1026,2023-03-20,Bob,East,614.69,19,Electronics,4991.68,5296.650000000001,New,0.12,Bank Transfer,Online,East-Bob,100636.35,94841.92000000001,5794.429999999993,5.757790301416926,2023,3,Mar,2023-03
1011,2023-03-20,Bob,East,3484.86,2,Furniture,4906.17,5107.43,Returning,0.1,Cash,Online,East-Bob,10214.86,9812.34,402.52000000000044,3.9405336930706873,2023,3,Mar,2023-03
1084,2023-03-21,Eve,South,3617.67,40,Food,2890.95,3104.43,New,0.21,Bank Transfer,Online,South-Eve,124177.2,115638.0,8539.199999999997,6.876624694388339,2023,3,Mar,2023-03
1069,2023-03-21,Bob,East,9369.18,29,Furniture,2462.66,2908.0899999999997,New,0.12,Credit Card,Online,East-Bob,84334.60999999999,71417.14,12917.469999999987,15.31692622993097,2023,3,Mar,2023-03
1061,2023-03-22,Alice,East,8915.05,34,Clothing,2680.82,2771.02,New,0.2,Bank Transfer,Online,East-Alice,94214.68,91147.88,3066.7999999999884,3.255119053633668,2023,3,Mar,2023-03
1076,2023-03-22,Charlie,South,316.94,23,Food,2759.16,2864.45,Returning,0.18,Credit Card,Retail,South-Charlie,65882.34999999999,63460.67999999999,2421.6699999999983,3.675749271238805,2023,3,Mar,2023-03
1097,2023-03-22,Eve,North,6747.64,6,Electronics,4885.98,4949.95,Returning,0.17,Bank Transfer,Online,North-Eve,29699.699999999997,29315.879999999997,383.8199999999997,1.2923362862251127,2023,3,Mar,2023-03
1031,2023-03-23,Eve,East,433.4,32,Clothing,3351.33,3711.47,New,0.16,Cash,Retail,East-Eve,118767.04,107242.56,11524.479999999996,9.703432871611515,2023,3,Mar,2023-03
1035,2023-03-23,David,East,613.17,30,Clothing,1300.03,1745.52,New,0.09,Cash,Retail,East-David,52365.6,39000.9,13364.699999999997,25.521907511801633,2023,3,Mar,2023-03
1092,2023-03-23,Bob,South,7914.0,18,Food,3070.47,3475.29,Returning,0.2,Bank Transfer,Online,South-Bob,62555.22,55268.46,7286.760000000002,11.648524295814164,2023,3,Mar,2023-03
1078,2023-03-23,Eve,West,3808.03,33,Clothing,2396.68,2661.54,New,0.18,Bank Transfer,Online,West-Eve,87830.81999999999,79090.43999999999,8740.380000000005,9.95138153099334,2023,3,Mar,2023-03
1061,2023-03-24,Charlie,East,3750.2,13,Electronics,637.37,692.71,New,0.08,Credit Card,Online,East-Charlie,9005.23,8285.81,719.4200000000001,7.988913109381994,2023,3,Mar,2023-03
1049,2023-03-25,Eve,East,8611.97,17,Electronics,558.7,1004.08,Returning,0.03,Credit Card,Online,East-Eve,17069.36,9497.900000000001,7571.459999999999,44.3570233447534,2023,3,Mar,2023-03
1005,2023-03-25,Bob,West,7442.25,14,Clothing,1861.2,2075.35,Returning,0.1,Credit Card,Retail,West-Bob,29054.899999999998,26056.8,2998.0999999999985,10.318741417110362,2023,3,Mar,2023-03
1053,2023-03-25,Bob,East,7080.88,1,Clothing,1702.82,1862.61,Returning,0.24,Cash,Retail,East-Bob,1862.61,1702.82,159.78999999999996,8.578822190367278,2023,3,Mar,2023-03
1092,2023-03-25,Alice,West,1897.98,49,Furniture,2315.0,2467.28,New,0.15,Bank Transfer,Retail,West-Alice,120896.72000000002,113435.0,7461.720000000016,6.17197885931067,2023,3,Mar,2023-03
1055,2023-03-25,David,East,1756.83,11,Electronics,2495.2,2600.93,New,0.21,Bank Transfer,Retail,East-David,28610.23,27447.199999999997,1163.0300000000025,4.065084412114137,2023,3,Mar,2023-03
1074,2023-03-25,Eve,West,7499.7,38,Food,2610.6,2836.94,Returning,0.19,Credit Card,Online,West-Eve,107803.72,99202.8,8600.919999999998,7.978314662981943,2023,3,Mar,2023-03
1097,2023-03-26,David,East,6286.25,7,Clothing,1896.35,2394.2,New,0.22,Bank Transfer,Online,East-David,16759.399999999998,13274.449999999999,3484.949999999999,20.79400217191546,2023,3,Mar,2023-03
1010,2023-03-27,Eve,South,8159.84,37,Clothing,4354.92,4495.88,Returning,0.01,Bank Transfer,Online,South-Eve,166347.56,161132.04,5215.5199999999895,3.135314999510657,2023,3,Mar,2023-03
1096,2023-03-27,Alice,North,4821.31,48,Clothing,2449.21,2714.12,New,0.01,Credit Card,Online,North-Alice,130277.76,117562.08,12715.679999999993,9.760438005688764,2023,3,Mar,2023-03
1069,2023-03-27,David,East,719.39,47,Electronics,4171.83,4320.93,New,0.07,Cash,Online,East-David,203083.71000000002,196076.01,7007.700000000012,3.4506460414771873,2023,3,Mar,2023-03
1045,2023-03-28,Eve,West,6792.66,14,Clothing,635.28,831.13,Returning,0.17,Bank Transfer,Retail,West-Eve,11635.82,8893.92,2741.8999999999996,23.564304019828423,2023,3,Mar,2023-03
1066,2023-03-28,Charlie,North,7297.86,7,Clothing,523.42,632.4399999999999,New,0.2,Bank Transfer,Online,North-Charlie,4427.08,3663.9399999999996,763.1400000000003,17.237998861552093,2023,3,Mar,2023-03
1063,2023-03-28,Charlie,South,4947.28,42,Food,1170.07,1669.9499999999998,Returning,0.12,Bank Transfer,Retail,South-Charlie,70137.9,49142.939999999995,20994.96,29.93383035420222,2023,3,Mar,2023-03
1010,2023-03-29,Alice,South,3329.91,49,Food,1150.3,1306.02,New,0.06,Credit Card,Retail,South-Alice,63994.979999999996,56364.7,7630.279999999999,11.923247729743801,2023,3,Mar,2023-03
1022,2023-03-29,Bob,West,8640.14,45,Furniture,4020.09,4087.91,Returning,0.06,Bank Transfer,Online,West-Bob,183955.94999999998,180904.05000000002,3051.899999999965,1.6590384817669477,2023,3,Mar,2023-03
1007,2023-03-30,David,East,8088.96,14,Furniture,1122.07,1608.76,New,0.22,Cash,Retail,East-David,22522.64,15708.98,6813.66,30.252492602998583,2023,3,Mar,2023-03
1005,2023-03-30,Alice,East,6828.24,12,Electronics,319.83,802.4300000000001,New,0.04,Credit Card,Retail,East-Alice,9629.16,3837.96,5791.2,60.142317709956004,2023,3,Mar,2023-03
1009,2023-03-30,Charlie,South,2279.1,10,Clothing,4364.35,4710.1,New,0.07,Credit Card,Online,South-Charlie,47101.0,43643.5,3457.5,7.340608479650114,2023,3,Mar,2023-03
1085,2023-03-30,David,West,9278.4,45,Clothing,4763.11,5119.91,Returning,0.29,Cash,Retail,West-David,230395.94999999998,214339.94999999998,16056.0,6.9688724997119085,2023,3,Mar,2023-03
1004,2023-03-31,Charlie,East,6744.46,12,Clothing,4553.23,5038.74,New,0.09,Credit Card,Retail,East-Charlie,60464.88,54638.759999999995,5826.120000000003,9.635543806586572,2023,3,Mar,2023-03
1025,2023-03-31,David,West,4929.56,4,Furniture,2751.06,2976.01,Returning,0.28,Credit Card,Online,West-David,11904.04,11004.24,899.8000000000011,7.558778364320021,2023,3,Mar,2023-03
1047,2023-03-31,Alice,East,3546.15,37,Electronics,3114.88,3256.78,Returning,0.26,Credit Card,Online,East-Alice,120500.86,115250.56,5250.300000000003,4.357064339623803,2023,3,Mar,2023-03
1016,2023-03-31,Eve,East,4309.76,38,Electronics,3883.38,4152.72,Returning,0.26,Cash,Online,East-Eve,157803.36000000002,147568.44,10234.920000000013,6.485869502398435,2023,3,Mar,2023-03
1048,2023-04-02,David,South,9673.65,45,Electronics,4262.21,4533.31,Returning,0.27,Credit Card,Online,South-David,203998.95,191799.45,12199.5,5.980177839150643,2023,4,Apr,2023-04
1005,2023-04-02,David,South,1646.45,46,Furniture,4691.42,5026.1900000000005,Returning,0.22,Bank Transfer,Retail,South-David,231204.74000000002,215805.32,15399.420000000013,6.660512236903106,2023,4,Apr,2023-04
1062,2023-04-02,Bob,East,6991.95,10,Clothing,1524.88,1636.14,New,0.2,Bank Transfer,Online,East-Bob,16361.400000000001,15248.800000000001,1112.6000000000004,6.800151576270981,2023,4,Apr,2023-04
1059,2023-04-02,Eve,West,3595.2,12,Food,3496.15,3955.75,Returning,0.28,Cash,Retail,West-Eve,47469.0,41953.8,5515.199999999997,11.618529987992158,2023,4,Apr,2023-04
1034,2023-04-02,Charlie,West,2184.02,7,Electronics,2492.36,2738.6800000000003,Returning,0.11,Cash,Online,West-Charlie,19170.760000000002,17446.52,1724.2400000000016,8.994113952707151,2023,4,Apr,2023-04
1099,2023-04-03,Alice,North,2571.72,30,Furniture,4495.82,4794.009999999999,New,0.18,Bank Transfer,Retail,North-Alice,143820.3,134874.59999999998,8945.700000000012,6.22005377544061,2023,4,Apr,2023-04
1095,2023-04-03,Charlie,East,5873.59,9,Food,2650.95,2860.4199999999996,New,0.12,Cash,Retail,East-Charlie,25743.779999999995,23858.55,1885.229999999996,7.323050461121079,2023,4,Apr,2023-04
1051,2023-04-04,Bob,East,198.25,12,Electronics,3544.48,3723.66,Returning,0.19,Cash,Online,East-Bob,44683.92,42533.76,2150.159999999996,4.8119323461325605,2023,4,Apr,2023-04
1078,2023-04-04,David,East,9631.41,49,Furniture,1833.95,2147.14,Returning,0.18,Credit Card,Retail,East-David,105209.86,89863.55,15346.309999999998,14.586380021796433,2023,4,Apr,2023-04
1058,2023-04-05,Alice,North,2072.23,33,Furniture,1011.65,1084.28,Returning,0.07,Bank Transfer,Retail,North-Alice,35781.24,33384.45,2396.790000000001,6.698454273803818,2023,4,Apr,2023-04
1087,2023-04-05,Eve,East,848.49,43,Furniture,481.0,531.02,New,0.17,Cash,Online,East-Eve,22833.86,20683.0,2150.8600000000006,9.419607547738318,2023,4,Apr,2023-04
1052,2023-04-05,Charlie,South,4744.16,26,Clothing,4771.99,5079.65,New,0.29,Credit Card,Online,South-Charlie,132070.9,124071.73999999999,7999.1600000000035,6.056716506058491,2023,4,Apr,2023-04
1062,2023-04-05,Bob,North,2959.96,48,Food,2487.19,2521.4500000000003,New,0.29,Cash,Online,North-Bob,121029.6,119385.12,1644.4800000000105,1.3587419936941132,2023,4,Apr,2023-04
1086,2023-04-06,Charlie,West,7212.69,32,Electronics,3743.59,4116.38,Returning,0.11,Cash,Online,West-Charlie,131724.16,119794.88,11929.279999999999,9.056258168585018,2023,4,Apr,2023-04
1026,2023-04-06,Bob,South,927.19,4,Electronics,3993.39,4288.3,New,0.13,Credit Card,Online,South-Bob,17153.2,15973.56,1179.6400000000012,6.8770841592239425,2023,4,Apr,2023-04
1068,2023-04-06,Alice,South,9093.5,31,Clothing,3169.37,3304.15,Returning,0.25,Credit Card,Retail,South-Alice,102428.65000000001,98250.47,4178.180000000008,4.079112631085158,2023,4,Apr,2023-04
1033,2023-04-07,Bob,East,5509.66,4,Food,2000.75,2426.99,Returning,0.17,Bank Transfer,Online,East-Bob,9707.96,8003.0,1704.9599999999991,17.562495107107974,2023,4,Apr,2023-04
1051,2023-04-07,Alice,West,5262.45,23,Electronics,3325.43,3401.1,New,0.1,Cash,Online,West-Alice,78225.3,76484.89,1740.4100000000035,2.2248684249213535,2023,4,Apr,2023-04
1061,2023-04-08,Charlie,East,3988.03,29,Clothing,1221.74,1611.92,New,0.15,Cash,Retail,East-Charlie,46745.68,35430.46,11315.220000000001,24.205915926348702,2023,4,Apr,2023-04
1009,2023-04-08,Charlie,South,2945.87,32,Clothing,3219.88,3384.5,Returning,0.14,Cash,Retail,South-Charlie,108304.0,103036.16,5267.8399999999965,4.8639385433594295,2023,4,Apr,2023-04
1096,2023-04-08,Charlie,South,5935.59,45,Clothing,357.92,461.3,Returning,0.28,Cash,Online,South-Charlie,20758.5,16106.400000000001,4652.0999999999985,22.410578799046167,2023,4,Apr,2023-04
1007,2023-04-08,Charlie,East,3758.78,13,Clothing,3597.2,4071.82,Returning,0.29,Bank Transfer,Online,East-Charlie,52933.66,46763.6,6170.060000000005,11.656212700954374,2023,4,Apr,2023-04
1098,2023-04-08,Eve,North,9452.89,5,Electronics,2947.22,3145.27,New,0.1,Credit Card,Retail,North-Eve,15726.35,14736.099999999999,990.2500000000018,6.296756717229375,2023,4,Apr,2023-04
1059,2023-04-09,Charlie,South,8063.7,1,Electronics,332.62,612.46,Returning,0.24,Cash,Retail,South-Charlie,612.46,332.62,279.84000000000003,45.691147176958495,2023,4,Apr,2023-04
1039,2023-04-09,Alice,North,763.04,3,Food,391.19,471.75,Returning,0.27,Cash,Online,North-Alice,1415.25,1173.57,241.68000000000006,17.076841547429787,2023,4,Apr,2023-04
1067,2023-04-11,Bob,East,8963.93,17,Food,2831.58,3186.15,New,0.24,Bank Transfer,Retail,East-Bob,54164.55,48136.86,6027.690000000002,11.128477943599647,2023,4,Apr,2023-04
1002,2023-04-11,Bob,North,1942.75,21,Food,914.22,971.57,Returning,0.14,Cash,Online,North-Bob,20402.97,19198.62,1204.3500000000022,5.902817089864868,2023,4,Apr,2023-04
1014,2023-04-11,Alice,South,9582.12,38,Food,2091.21,2527.0,Returning,0.01,Credit Card,Online,South-Alice,96026.0,79465.98,16560.020000000004,17.245350217649392,2023,4,Apr,2023-04
1083,2023-04-11,Bob,West,618.31,29,Furniture,2408.81,2624.09,Returning,0.14,Cash,Online,West-Bob,76098.61,69855.49,6243.119999999995,8.20398690593691,2023,4,Apr,2023-04
1063,2023-04-12,Charlie,North,5886.04,40,Electronics,2101.32,2440.63,New,0.26,Bank Transfer,Retail,North-Charlie,97625.20000000001,84052.8,13572.400000000009,13.90255794610409,2023,4,Apr,2023-04
1081,2023-04-12,Bob,South,9680.84,19,Food,2443.69,2462.34,New,0.07,Bank Transfer,Retail,South-Bob,46784.46000000001,46430.11,354.3500000000058,0.7574096184929905,2023,4,Apr,2023-04
1008,2023-04-13,Charlie,South,5104.54,24,Furniture,4739.13,4868.95,New,0.14,Credit Card,Retail,South-Charlie,116854.79999999999,113739.12,3115.679999999993,2.666283284897149,2023,4,Apr,2023-04
1091,2023-04-13,Eve,West,9146.51,36,Electronics,3951.59,4387.01,New,0.07,Bank Transfer,Retail,West-Eve,157932.36000000002,142257.24,15675.120000000024,9.925211020717997,2023,4,Apr,2023-04
1099,2023-04-14,Alice,East,9948.71,27,Food,4929.55,4990.33,Returning,0.29,Credit Card,Online,East-Alice,134738.91,133097.85,1641.0599999999977,1.2179555259872576,2023,4,Apr,2023-04
1047,2023-04-14,Eve,West,7146.06,16,Clothing,3966.86,4321.04,Returning,0.23,Credit Card,Retail,West-Eve,69136.64,63469.76,5666.879999999997,8.196637846444371,2023,4,Apr,2023-04
1052,2023-04-14,David,North,1834.7,5,Furniture,745.71,856.9100000000001,Returning,0.23,Bank Transfer,Retail,North-David,4284.55,3728.55,556.0,12.976858713283775,2023,4,Apr,2023-04
1001,2023-04-14,David,East,5488.11,2,Electronics,2631.68,2904.06,New,0.15,Bank Transfer,Online,East-David,5808.12,5263.36,544.7600000000002,9.37928279718739,2023,4,Apr,2023-04
1034,2023-04-14,Alice,West,534.61,3,Clothing,3472.51,3732.0,New,0.06,Cash,Online,West-Alice,11196.0,10417.53,778.4699999999993,6.953108252947475,2023,4,Apr,2023-04
1032,2023-04-14,David,North,2286.44,45,Clothing,3712.35,3780.88,New,0.07,Cash,Retail,North-David,170139.6,167055.75,3083.850000000006,1.812540995747025,2023,4,Apr,2023-04
1013,2023-04-15,Eve,North,7255.1,42,Furniture,1375.57,1729.71,New,0.04,Cash,Online,North-Eve,72647.82,57773.939999999995,14873.880000000012,20.47395228101822,2023,4,Apr,2023-04
1010,2023-04-15,Charlie,North,4733.88,4,Food,4943.03,5442.15,Returning,0.29,Cash,Online,North-Charlie,21768.6,19772.12,1996.4799999999996,9.171375283665462,2023,4,Apr,2023-04
1081,2023-04-16,Charlie,West,2896.71,44,Electronics,1362.15,1844.07,New,0.29,Credit Card,Online,West-Charlie,81139.08,59934.600000000006,21204.479999999996,26.13349818607753,2023,4,Apr,2023-04
1027,2023-04-16,Alice,East,8241.57,7,Food,2371.85,2457.29,New,0.03,Cash,Retail,East-Alice,17201.03,16602.95,598.0799999999981,3.477001086562829,2023,4,Apr,2023-04
1052,2023-04-17,Alice,South,8448.93,2,Food,1935.41,2305.44,Returning,0.22,Credit Card,Online,South-Alice,4610.88,3870.82,740.06,16.050298424595738,2023,4,Apr,2023-04
1012,2023-04-18,Alice,South,1874.61,9,Electronics,709.97,1029.71,Returning,0.13,Bank Transfer,Retail,South-Alice,9267.39,6389.7300000000005,2877.659999999999,31.05146109098677,2023,4,Apr,2023-04
1061,2023-04-18,Eve,North,3774.02,47,Electronics,146.27,498.46,New,0.06,Cash,Retail,North-Eve,23427.62,6874.6900000000005,16552.93,70.65561930746699,2023,4,Apr,2023-04
1035,2023-04-18,David,South,9417.1,34,Food,1105.05,1200.96,Returning,0.19,Cash,Online,South-David,40832.64,37571.7,3260.9400000000023,7.986111111111118,2023,4,Apr,2023-04
1033,2023-04-19,Bob,South,2758.48,5,Furniture,3162.92,3409.9300000000003,New,0.0,Cash,Online,South-Bob,17049.65,15814.6,1235.050000000001,7.243843715266888,2023,4,Apr,2023-04
1044,2023-04-20,Charlie,West,8564.8,34,Food,3573.3,3740.13,Returning,0.01,Credit Card,Online,West-Charlie,127164.42,121492.20000000001,5672.219999999987,4.46054014165282,2023,4,Apr,2023-04
1090,2023-04-21,David,West,4883.49,35,Electronics,1130.6,1466.1799999999998,Returning,0.13,Cash,Online,West-David,51316.299999999996,39571.0,11745.299999999996,22.888049216330867,2023,4,Apr,2023-04
1047,2023-04-21,Eve,West,6413.11,17,Furniture,1591.34,2043.82,New,0.29,Cash,Retail,West-Eve,34744.94,27052.78,7692.1600000000035,22.138935914121603,2023,4,Apr,2023-04
1093,2023-04-21,Bob,West,4384.02,17,Furniture,3816.39,4209.44,Returning,0.11,Cash,Retail,West-Bob,71560.48,64878.63,6681.8499999999985,9.337346535406134,2023,4,Apr,2023-04
1088,2023-04-21,Charlie,East,456.59,29,Furniture,639.58,1107.45,New,0.29,Cash,Retail,East-Charlie,32116.050000000003,18547.82,13568.230000000003,42.24750553072374,2023,4,Apr,2023-04
1009,2023-04-21,Eve,North,9813.66,47,Clothing,359.41,733.0,Returning,0.2,Bank Transfer,Retail,North-Eve,34451.0,16892.27,17558.73,50.96725784447476,2023,4,Apr,2023-04
1002,2023-04-22,Eve,North,6551.23,9,Electronics,4398.16,4439.12,New,0.18,Bank Transfer,Online,North-Eve,39952.08,39583.44,368.6399999999994,0.9227054010704808,2023,4,Apr,2023-04
1061,2023-04-22,Eve,South,8345.02,39,Electronics,3494.19,3746.0,Returning,0.25,Bank Transfer,Retail,South-Eve,146094.0,136273.41,9820.589999999997,6.722103577148957,2023,4,Apr,2023-04
1033,2023-04-23,Charlie,East,7171.83,44,Electronics,1195.22,1320.06,Returning,0.23,Bank Transfer,Retail,East-Charlie,58082.64,52589.68,5492.959999999999,9.457145887308151,2023,4,Apr,2023-04
1008,2023-04-23,Eve,North,9154.03,35,Clothing,600.2,1059.8200000000002,Returning,0.29,Bank Transfer,Retail,North-Eve,37093.700000000004,21007.0,16086.700000000004,43.36774169198544,2023,4,Apr,2023-04
1016,2023-04-23,David,South,9961.96,6,Furniture,4502.09,4879.72,New,0.13,Credit Card,Online,South-David,29278.32,27012.54,2265.779999999999,7.738763699556528,2023,4,Apr,2023-04
1060,2023-04-23,Eve,East,273.77,23,Clothing,4110.6,4488.370000000001,New,0.12,Credit Card,Online,East-Eve,103232.51000000002,94543.8,8688.710000000021,8.416641230558106,2023,4,Apr,2023-04
1054,2023-04-24,David,North,7524.78,48,Food,2316.92,2462.63,New,0.04,Credit Card,Online,North-David,118206.24,111212.16,6994.080000000002,5.916844999045737,2023,4,Apr,2023-04
1024,2023-04-24,David,North,4670.99,35,Furniture,2051.0,2121.55,Returning,0.26,Cash,Retail,North-David,74254.25,71785.0,2469.25,3.325398882892225,2023,4,Apr,2023-04
1075,2023-04-25,David,West,4038.58,44,Furniture,3519.29,3822.98,Returning,0.27,Bank Transfer,Online,West-David,168211.12,154848.76,13362.359999999986,7.943803001846719,2023,4,Apr,2023-04
1039,2023-04-25,Alice,East,5830.19,24,Clothing,2615.48,3062.2200000000003,New,0.19,Bank Transfer,Retail,East-Alice,73493.28,62771.520000000004,10721.759999999995,14.588762401133812,2023,4,Apr,2023-04
1095,2023-04-25,Bob,South,9805.65,10,Electronics,3155.97,3263.49,Returning,0.04,Credit Card,Online,South-Bob,32634.899999999998,31559.699999999997,1075.2000000000007,3.294632433376541,2023,4,Apr,2023-04
1075,2023-04-26,David,South,1457.77,37,Electronics,4399.8,4801.06,New,0.13,Bank Transfer,Retail,South-David,177639.22,162792.6,14846.619999999995,8.357737666265363,2023,4,Apr,2023-04
1064,2023-04-27,Bob,North,717.7,13,Clothing,1645.51,2045.53,Returning,0.28,Cash,Retail,North-Bob,26591.89,21391.63,5200.259999999998,19.555811941159497,2023,4,Apr,2023-04
1018,2023-04-27,David,South,7629.7,17,Clothing,355.72,438.27,Returning,0.06,Bank Transfer,Online,South-David,7450.59,6047.240000000001,1403.3499999999995,18.835421087457497,2023,4,Apr,2023-04
1001,2023-04-27,Eve,East,3167.09,25,Electronics,1330.62,1543.6899999999998,New,0.27,Credit Card,Online,East-Eve,38592.24999999999,33265.5,5326.749999999993,13.802641722107401,2023,4,Apr,2023-04
1020,2023-04-27,Alice,South,7095.64,33,Furniture,4772.03,4805.17,Returning,0.28,Bank Transfer,Online,South-Alice,158570.61000000002,157476.99,1093.6200000000244,0.6896738304784376,2023,4,Apr,2023-04
1024,2023-04-27,Alice,West,7734.12,42,Food,2069.05,2363.9,Returning,0.07,Cash,Online,West-Alice,99283.8,86900.1,12383.699999999997,12.473031854139343,2023,4,Apr,2023-04
1003,2023-04-28,Charlie,South,5991.8,27,Furniture,623.32,853.6600000000001,Returning,0.04,Cash,Online,South-Charlie,23048.820000000003,16829.640000000003,6219.18,26.982639458332354,2023,4,Apr,2023-04
1036,2023-04-28,Charlie,West,7739.11,25,Furniture,4037.73,4446.45,Returning,0.09,Bank Transfer,Online,West-Charlie,111161.25,100943.25,10218.0,9.19205208649597,2023,4,Apr,2023-04
1009,2023-04-28,Alice,North,1342.95,33,Clothing,2278.9,2626.9,New,0.05,Credit Card,Online,North-Alice,86687.7,75203.7,11484.0,13.247554151280976,2023,4,Apr,2023-04
1023,2023-04-28,Charlie,North,9850.1,5,Electronics,2311.25,2482.34,Returning,0.22,Credit Card,Retail,North-Charlie,12411.7,11556.25,855.4500000000007,6.892287116188762,2023,4,Apr,2023-04
1056,2023-04-29,Charlie,North,8274.54,10,Clothing,536.81,839.92,Returning,0.15,Bank Transfer,Online,North-Charlie,8399.199999999999,5368.099999999999,3031.0999999999995,36.08796075816744,2023,4,Apr,2023-04
1093,2023-04-29,Alice,North,7353.72,34,Food,4201.11,4436.5,New,0.05,Cash,Online,North-Alice,150841.0,142837.74,8003.260000000009,5.305759044291677,2023,4,Apr,2023-04
1032,2023-04-30,Alice,West,4241.51,18,Electronics,2466.18,2483.87,Returning,0.08,Cash,Online,West-Alice,44709.659999999996,44391.24,318.41999999999825,0.712195082673405,2023,4,Apr,2023-04
1006,2023-04-30,Charlie,North,6233.31,19,Clothing,2962.41,3218.8999999999996,New,0.29,Cash,Retail,North-Charlie,61159.09999999999,56285.78999999999,4873.309999999998,7.968250023299881,2023,4,Apr,2023-04
1076,2023-04-30,Eve,West,3279.51,32,Clothing,4337.82,4460.71,Returning,0.3,Cash,Retail,West-Eve,142742.72,138810.24,3932.4800000000105,2.7549425988239613,2023,4,Apr,2023-04
1051,2023-04-30,Bob,West,5571.8,3,Food,1000.18,1023.64,Returning,0.04,Credit Card,Online,West-Bob,3070.92,3000.54,70.38000000000011,2.291821343441057,2023,4,Apr,2023-04
1051,2023-05-02,Alice,North,6833.11,34,Furniture,3764.14,4100.4,Returning,0.05,Bank Transfer,Retail,North-Alice,139413.59999999998,127980.76,11432.839999999982,8.20066334991707,2023,5,May,2023-05
1096,2023-05-02,Alice,East,4649.88,32,Furniture,991.63,1065.55,Returning,0.22,Bank Transfer,Retail,East-Alice,34097.6,31732.16,2365.4399999999987,6.937262446623806,2023,5,May,2023-05
1036,2023-05-02,David,North,6650.51,42,Furniture,4292.63,4387.99,New,0.07,Credit Card,Retail,North-David,184295.58,180290.46,4005.1199999999953,2.1732045879776365,2023,5,May,2023-05
1061,2023-05-03,Bob,South,7277.56,41,Furniture,2894.18,3193.92,New,0.28,Bank Transfer,Retail,South-Bob,130950.72,118661.37999999999,12289.340000000011,9.384705941288457,2023,5,May,2023-05
1015,2023-05-03,David,South,6699.34,30,Food,2680.22,3027.9199999999996,Returning,0.25,Bank Transfer,Online,South-David,90837.59999999999,80406.59999999999,10431.0,11.483130333694419,2023,5,May,2023-05
1042,2023-05-03,Alice,West,7116.78,37,Furniture,502.86,687.6,Returning,0.21,Cash,Online,West-Alice,25441.2,18605.82,6835.380000000001,26.867364746945903,2023,5,May,2023-05
1086,2023-05-04,Bob,West,7841.4,25,Food,2248.71,2626.02,New,0.08,Bank Transfer,Online,West-Bob,65650.5,56217.75,9432.75,14.36813124043229,2023,5,May,2023-05
1062,2023-05-05,Eve,South,594.79,26,Clothing,992.17,1263.49,Returning,0.25,Bank Transfer,Retail,South-Eve,32850.74,25796.42,7054.32,21.473854165842233,2023,5,May,2023-05
1073,2023-05-07,David,North,1347.42,29,Clothing,2152.68,2475.93,Returning,0.22,Bank Transfer,Online,North-David,71801.97,62427.719999999994,9374.250000000007,13.055700282318169,2023,5,May,2023-05
1056,2023-05-07,David,East,7611.88,28,Clothing,1566.03,1576.34,Returning,0.2,Bank Transfer,Online,East-David,44137.52,43848.84,288.6800000000003,0.6540467158100417,2023,5,May,2023-05
1067,2023-05-08,Charlie,North,2850.74,32,Food,2171.79,2307.64,Returning,0.22,Bank Transfer,Online,North-Charlie,73844.48,69497.28,4347.199999999997,5.8869667712468114,2023,5,May,2023-05
1026,2023-05-08,Charlie,West,9519.09,20,Clothing,2985.63,3452.1400000000003,New,0.17,Credit Card,Retail,West-Charlie,69042.8,59712.600000000006,9330.199999999997,13.513646607611507,2023,5,May,2023-05
1093,2023-05-08,Bob,East,5272.85,17,Furniture,727.38,764.54,Returning,0.17,Credit Card,Retail,East-Bob,12997.18,12365.46,631.7200000000012,4.860438956758321,2023,5,May,2023-05
1012,2023-05-09,David,West,8070.39,13,Food,1311.01,1538.79,Returning,0.09,Bank Transfer,Retail,West-David,20004.27,17043.13,2961.1399999999994,14.80253965778306,2023,5,May,2023-05
1001,2023-05-10,David,East,3793.91,47,Food,4865.33,5316.13,New,0.06,Bank Transfer,Online,East-David,249858.11000000002,228670.51,21187.600000000006,8.47985282526951,2023,5,May,2023-05
1034,2023-05-10,Eve,East,4892.36,19,Clothing,1922.21,2180.83,Returning,0.17,Credit Card,Retail,East-Eve,41435.77,36521.99,4913.779999999999,11.858787709266654,2023,5,May,2023-05
1063,2023-05-10,David,East,5870.97,47,Electronics,4291.33,4658.64,New,0.24,Credit Card,Retail,East-David,218956.08000000002,201692.51,17263.570000000007,7.884489894046334,2023,5,May,2023-05
1030,2023-05-10,Bob,South,1273.18,43,Clothing,4696.64,4713.68,Returning,0.24,Bank Transfer,Online,South-Bob,202688.24000000002,201955.52000000002,732.7200000000012,0.36150099285484005,2023,5,May,2023-05
1051,2023-05-11,Bob,North,5578.37,36,Food,4418.95,4647.87,New,0.04,Bank Transfer,Online,North-Bob,167323.32,159082.19999999998,8241.120000000024,4.9252668426612765,2023,5,May,2023-05
1003,2023-05-11,Charlie,North,6760.37,26,Electronics,3418.78,3824.1,New,0.19,Credit Card,Online,North-Charlie,99426.59999999999,88888.28,10538.319999999992,10.599095211945288,2023,5,May,2023-05
1001,2023-05-11,Eve,East,5262.35,8,Clothing,442.11,803.87,New,0.18,Cash,Retail,East-Eve,6430.96,3536.88,2894.08,45.002301367136475,2023,5,May,2023-05
1099,2023-05-11,Alice,South,3518.89,48,Food,3441.61,3693.45,Returning,0.19,Bank Transfer,Online,South-Alice,177285.59999999998,165197.28,12088.319999999978,6.818557175540472,2023,5,May,2023-05
1038,2023-05-12,Bob,South,8630.74,20,Clothing,2607.31,2774.86,New,0.27,Credit Card,Retail,South-Bob,55497.200000000004,52146.2,3351.0000000000073,6.038142464845086,2023,5,May,2023-05
1033,2023-05-12,Bob,North,5055.98,16,Furniture,2915.88,3397.36,New,0.2,Bank Transfer,Retail,North-Bob,54357.76,46654.08,7703.68,14.172180752113405,2023,5,May,2023-05
1039,2023-05-13,Eve,West,4422.48,40,Furniture,3536.46,3945.82,New,0.24,Bank Transfer,Online,West-Eve,157832.80000000002,141458.4,16374.400000000023,10.37452291285463,2023,5,May,2023-05
1075,2023-05-13,Bob,East,6653.49,36,Clothing,4337.61,4386.82,Returning,0.23,Credit Card,Online,East-Bob,157925.52,156153.96,1771.5599999999977,1.1217692998572983,2023,5,May,2023-05
1060,2023-05-13,Charlie,West,5260.83,31,Electronics,3161.4,3339.66,Returning,0.02,Bank Transfer,Online,West-Charlie,103529.45999999999,98003.40000000001,5526.059999999983,5.337669104040516,2023,5,May,2023-05
1064,2023-05-14,Bob,South,5356.28,8,Electronics,4271.99,4417.79,Returning,0.04,Cash,Online,South-Bob,35342.32,34175.92,1166.4000000000015,3.3002926802767942,2023,5,May,2023-05
1001,2023-05-14,Eve,South,2669.46,35,Electronics,2745.75,3244.76,New,0.05,Bank Transfer,Online,South-Eve,113566.6,96101.25,17465.350000000006,15.378949444643059,2023,5,May,2023-05
1087,2023-05-14,Charlie,West,9472.66,10,Electronics,3988.52,4240.23,New,0.05,Credit Card,Online,West-Charlie,42402.299999999996,39885.2,2517.0999999999985,5.936234591048124,2023,5,May,2023-05
1049,2023-05-14,Eve,South,9298.48,22,Electronics,4573.69,4820.299999999999,New,0.04,Cash,Online,South-Eve,106046.59999999998,100621.18,5425.419999999984,5.1160716137999565,2023,5,May,2023-05
1009,2023-05-14,David,West,2584.91,40,Furniture,2799.71,3231.08,Returning,0.29,Credit Card,Retail,West-David,129243.2,111988.4,17254.800000000003,13.350644366589501,2023,5,May,2023-05
1062,2023-05-16,Charlie,North,8495.62,46,Furniture,159.32,303.36,New,0.03,Cash,Retail,North-Charlie,13954.560000000001,7328.719999999999,6625.840000000002,47.48154008438819,2023,5,May,2023-05
1004,2023-05-17,Alice,North,5198.56,36,Food,3981.2,4432.349999999999,New,0.14,Cash,Online,North-Alice,159564.59999999998,143323.19999999998,16241.399999999994,10.178573442981712,2023,5,May,2023-05
1050,2023-05-17,Bob,North,2254.91,45,Furniture,112.35,586.18,Returning,0.28,Credit Card,Retail,North-Bob,26378.1,5055.75,21322.35,80.83353236207309,2023,5,May,2023-05
1056,2023-05-17,David,West,8374.68,47,Furniture,2461.7,2529.02,Returning,0.22,Cash,Retail,West-David,118863.94,115699.9,3164.040000000008,2.6619006571715595,2023,5,May,2023-05
1053,2023-05-17,Bob,South,7835.09,36,Clothing,4252.17,4720.27,New,0.09,Cash,Retail,South-Bob,169929.72000000003,153078.12,16851.600000000035,9.916805606458972,2023,5,May,2023-05
1049,2023-05-17,Alice,West,3741.08,1,Furniture,3290.89,3317.75,Returning,0.17,Bank Transfer,Online,West-Alice,3317.75,3290.89,26.860000000000127,0.8095848089819946,2023,5,May,2023-05
1063,2023-05-18,Bob,West,3098.87,39,Food,3577.69,3931.25,Returning,0.21,Cash,Retail,West-Bob,153318.75,139529.91,13788.839999999997,8.99357710651828,2023,5,May,2023-05
1050,2023-05-19,Charlie,East,9744.52,35,Clothing,2158.69,2384.38,Returning,0.09,Bank Transfer,Retail,East-Charlie,83453.3,75554.15000000001,7899.149999999994,9.465353676846803,2023,5,May,2023-05
1012,2023-05-20,Bob,North,5371.79,16,Food,3466.11,3799.67,Returning,0.01,Cash,Retail,North-Bob,60794.72,55457.76,5336.959999999999,8.778657093905522,2023,5,May,2023-05
1071,2023-05-20,Eve,West,3003.76,6,Furniture,2831.23,3206.98,Returning,0.06,Bank Transfer,Retail,West-Eve,19241.88,16987.38,2254.5,11.716630599504828,2023,5,May,2023-05
1059,2023-05-21,Alice,North,5108.98,37,Electronics,4146.99,4172.349999999999,Returning,0.06,Cash,Retail,North-Alice,154376.94999999998,153438.63,938.3199999999779,0.6078109458698193,2023,5,May,2023-05
1008,2023-05-21,David,East,5197.84,37,Furniture,1712.43,1980.06,New,0.26,Cash,Online,East-David,73262.22,63359.91,9902.309999999998,13.51625708311869,2023,5,May,2023-05
1002,2023-05-21,Charlie,West,7828.25,26,Clothing,2041.42,2291.17,Returning,0.28,Cash,Online,West-Charlie,59570.42,53076.92,6493.5,10.90054426341127,2023,5,May,2023-05
1035,2023-05-22,Alice,South,3780.22,45,Food,4132.79,4624.1,New,0.15,Credit Card,Retail,South-Alice,208084.50000000003,185975.55,22108.95000000004,10.624986483856336,2023,5,May,2023-05
1049,2023-05-22,Bob,East,4216.17,19,Clothing,3316.97,3544.02,Returning,0.14,Cash,Online,East-Bob,67336.38,63022.42999999999,4313.950000000012,6.406566554364835,2023,5,May,2023-05
1044,2023-05-23,Bob,West,8552.47,19,Food,2182.75,2504.0299999999997,New,0.01,Bank Transfer,Online,West-Bob,47576.56999999999,41472.25,6104.319999999992,12.830517206263488,2023,5,May,2023-05
1100,2023-05-23,Bob,West,7667.96,29,Food,3559.56,3607.15,Returning,0.21,Cash,Retail,West-Bob,104607.35,103227.24,1380.1100000000006,1.3193241201502577,2023,5,May,2023-05
1067,2023-05-23,Bob,North,3133.99,49,Furniture,2628.38,2644.54,Returning,0.11,Cash,Online,North-Bob,129582.45999999999,128790.62000000001,791.839999999982,0.6110703562812297,2023,5,May,2023-05
1019,2023-05-24,Eve,South,1114.91,13,Food,3102.73,3202.68,New,0.09,Cash,Online,South-Eve,41634.84,40335.49,1299.3499999999985,3.1208238100590724,2023,5,May,2023-05
1091,2023-05-25,Alice,North,9610.21,24,Clothing,3639.3,3750.63,New,0.23,Bank Transfer,Retail,North-Alice,90015.12,87343.20000000001,2671.9199999999837,2.9683013253773187,2023,5,May,2023-05
1005,2023-05-25,Eve,North,833.64,2,Clothing,1392.15,1448.5400000000002,Returning,0.02,Bank Transfer,Retail,North-Eve,2897.0800000000004,2784.3,112.7800000000002,3.892885249975844,2023,5,May,2023-05
1092,2023-05-25,Bob,East,9220.94,20,Food,668.11,803.49,New,0.21,Bank Transfer,Online,East-Bob,16069.8,13362.2,2707.5999999999985,16.848996253842603,2023,5,May,2023-05
1082,2023-05-26,David,South,6994.66,2,Furniture,1349.3,1576.69,Returning,0.12,Credit Card,Online,South-David,3153.38,2698.6,454.7800000000002,14.42198529831483,2023,5,May,2023-05
1042,2023-05-26,Bob,East,848.28,1,Electronics,1406.24,1535.57,New,0.08,Credit Card,Retail,East-Bob,1535.57,1406.24,129.32999999999993,8.422279674648497,2023,5,May,2023-05
1001,2023-05-27,Alice,South,1498.11,7,Electronics,4094.68,4576.5,New,0.3,Cash,Retail,South-Alice,32035.5,28662.76,3372.7400000000016,10.528132852616634,2023,5,May,2023-05
1074,2023-05-27,Eve,West,6710.83,2,Food,3173.69,3503.11,New,0.2,Bank Transfer,Retail,West-Eve,7006.22,6347.38,658.8400000000001,9.403644190447919,2023,5,May,2023-05
1003,2023-05-27,Eve,East,5119.89,39,Clothing,310.96,457.84,New,0.03,Credit Card,Online,East-Eve,17855.76,12127.439999999999,5728.32,32.081076358553204,2023,5,May,2023-05
1069,2023-05-27,Charlie,West,5760.29,44,Electronics,1084.73,1420.9,Returning,0.05,Credit Card,Online,West-Charlie,62519.600000000006,47728.12,14791.480000000003,23.658948553733552,2023,5,May,2023-05
1017,2023-05-28,David,East,2222.62,35,Electronics,4867.64,5287.05,Returning,0.28,Credit Card,Online,East-David,185046.75,170367.40000000002,14679.349999999977,7.932779149052862,2023,5,May,2023-05
1050,2023-05-28,Alice,North,8086.27,6,Furniture,3763.26,4102.72,New,0.11,Credit Card,Retail,North-Alice,24616.32,22579.56,2036.7599999999984,8.274023087122682,2023,5,May,2023-05
1019,2023-05-28,Alice,East,6917.45,28,Furniture,3907.86,4205.37,New,0.09,Credit Card,Online,East-Alice,117750.36,109420.08,8330.279999999999,7.0745261415761265,2023,5,May,2023-05
1062,2023-05-28,Bob,South,7567.22,28,Electronics,933.16,1004.7,Returning,0.18,Bank Transfer,Online,South-Bob,28131.600000000002,26128.48,2003.1200000000026,7.12053349258486,2023,5,May,2023-05
1006,2023-05-28,Bob,North,8109.33,11,Food,4562.58,4925.17,New,0.23,Cash,Retail,North-Bob,54176.87,50188.38,3988.4900000000052,7.361979383452763,2023,5,May,2023-05
1055,2023-05-29,Eve,North,4153.18,40,Furniture,959.73,1111.41,New,0.23,Bank Transfer,Online,North-Eve,44456.4,38389.2,6067.200000000004,13.64752881474884,2023,5,May,2023-05
1070,2023-05-29,Charlie,South,1108.74,14,Furniture,3796.79,3947.5,Returning,0.24,Bank Transfer,Online,South-Charlie,55265.0,53155.06,2109.9400000000023,3.817859404686515,2023,5,May,2023-05
1069,2023-05-29,Alice,North,4494.8,30,Electronics,300.01,477.6799999999999,New,0.11,Bank Transfer,Retail,North-Alice,14330.399999999996,9000.3,5330.099999999997,37.19435605426226,2023,5,May,2023-05
1002,2023-05-30,Eve,North,3737.17,44,Furniture,1393.58,1533.09,Returning,0.24,Credit Card,Retail,North-Eve,67455.95999999999,61317.52,6138.439999999995,9.099922378986223,2023,5,May,2023-05
1040,2023-05-30,Alice,South,4284.03,47,Clothing,1656.82,1750.38,New,0.21,Credit Card,Online,South-Alice,82267.86,77870.54,4397.320000000007,5.345125058558722,2023,5,May,2023-05
1002,2023-05-30,David,North,6810.35,17,Furniture,4024.76,4420.150000000001,Returning,0.04,Cash,Online,North-David,75142.55,68420.92,6721.630000000005,8.945171543952133,2023,5,May,2023-05
1064,2023-05-31,David,South,2579.63,8,Clothing,816.54,1191.9,New,0.03,Cash,Retail,South-David,9535.2,6532.32,3002.880000000001,31.492574880442998,2023,5,May,2023-05
1022,2023-06-01,David,East,8913.13,9,Electronics,2263.65,2558.9500000000003,New,0.03,Cash,Online,East-David,23030.550000000003,20372.850000000002,2657.7000000000007,11.539889407764905,2023,6,Jun,2023-06
1019,2023-06-01,Bob,East,3109.03,38,Clothing,3637.25,4096.96,Returning,0.09,Bank Transfer,Online,East-Bob,155684.48,138215.5,17468.98000000001,11.220758806529725,2023,6,Jun,2023-06
1013,2023-06-01,Charlie,East,2985.46,16,Furniture,1222.15,1284.36,Returning,0.03,Credit Card,Retail,East-Charlie,20549.76,19554.4,995.359999999997,4.843657541499254,2023,6,Jun,2023-06
1099,2023-06-01,Alice,South,2496.02,2,Electronics,2038.4,2073.32,New,0.16,Cash,Retail,South-Alice,4146.64,4076.8,69.84000000000015,1.6842552042135355,2023,6,Jun,2023-06
1050,2023-06-01,Bob,South,5105.78,23,Furniture,3756.06,4255.73,Returning,0.04,Cash,Online,South-Bob,97881.79,86389.38,11492.409999999989,11.741111395694736,2023,6,Jun,2023-06
1057,2023-06-02,Bob,South,9653.65,12,Electronics,1878.3,2087.45,New,0.05,Bank Transfer,Retail,South-Bob,25049.399999999998,22539.6,2509.7999999999993,10.019401662315262,2023,6,Jun,2023-06
1086,2023-06-02,Bob,East,2495.57,3,Electronics,1595.35,1625.7099999999998,New,0.27,Cash,Online,East-Bob,4877.129999999999,4786.049999999999,91.07999999999993,1.8674917420696175,2023,6,Jun,2023-06
1059,2023-06-02,Bob,West,279.43,47,Furniture,287.17,657.44,Returning,0.14,Credit Card,Retail,West-Bob,30899.680000000004,13496.990000000002,17402.690000000002,56.31996836213191,2023,6,Jun,2023-06
1057,2023-06-02,Eve,East,2046.87,22,Food,3462.61,3672.89,Returning,0.27,Credit Card,Online,East-Eve,80803.58,76177.42,4626.1600000000035,5.725191878874678,2023,6,Jun,2023-06
1024,2023-06-02,Alice,West,1799.77,2,Furniture,3604.93,3830.71,Returning,0.12,Credit Card,Online,West-Alice,7661.42,7209.86,451.5600000000004,5.893946552988877,2023,6,Jun,2023-06
1016,2023-06-03,David,West,5848.92,46,Clothing,1023.5,1164.41,Returning,0.28,Credit Card,Retail,West-David,53562.86,47081.0,6481.860000000001,12.101407579804366,2023,6,Jun,2023-06
1090,2023-06-03,Eve,North,2132.8,41,Furniture,2055.49,2441.46,New,0.24,Credit Card,Online,North-Eve,100099.86,84275.09,15824.770000000004,15.808983149426986,2023,6,Jun,2023-06
1069,2023-06-03,David,West,6581.04,42,Clothing,1434.2,1482.88,New,0.28,Credit Card,Retail,West-David,62280.96000000001,60236.4,2044.560000000005,3.2828010358221915,2023,6,Jun,2023-06
1039,2023-06-03,Bob,South,3099.02,8,Clothing,3380.14,3609.34,Returning,0.09,Credit Card,Online,South-Bob,28874.72,27041.12,1833.6000000000022,6.350191447743916,2023,6,Jun,2023-06
1090,2023-06-03,David,South,6106.64,47,Furniture,85.35,360.54,New,0.28,Cash,Online,South-David,16945.38,4011.45,12933.93,76.32717590281246,2023,6,Jun,2023-06
1096,2023-06-04,Bob,South,9019.51,14,Furniture,2251.95,2626.3199999999997,Returning,0.21,Credit Card,Online,South-Bob,36768.479999999996,31527.299999999996,5241.18,14.254546285296538,2023,6,Jun,2023-06
1021,2023-06-04,Eve,North,2265.28,22,Electronics,1296.44,1751.24,New,0.22,Cash,Online,North-Eve,38527.28,28521.68,10005.599999999999,25.970169708320956,2023,6,Jun,2023-06
1082,2023-06-05,Charlie,East,3320.42,15,Clothing,1719.47,1832.6,Returning,0.12,Credit Card,Online,East-Charlie,27489.0,25792.05,1696.9500000000007,6.173196551347814,2023,6,Jun,2023-06
1079,2023-06-06,David,South,1982.07,34,Furniture,1967.96,1993.4,Returning,0.15,Credit Card,Online,South-David,67775.6,66910.64,864.9600000000064,1.276211497943222,2023,6,Jun,2023-06
1042,2023-06-06,Bob,North,9442.65,20,Food,3115.06,3565.58,Returning,0.3,Credit Card,Retail,North-Bob,71311.6,62301.2,9010.400000000009,12.635251487836493,2023,6,Jun,2023-06
1033,2023-06-06,Alice,East,4602.17,32,Food,108.99,351.6,Returning,0.27,Credit Card,Retail,East-Alice,11251.2,3487.68,7763.52,69.00170648464163,2023,6,Jun,2023-06
1006,2023-06-06,Bob,East,1044.45,21,Electronics,1701.62,2193.22,New,0.22,Bank Transfer,Retail,East-Bob,46057.619999999995,35734.02,10323.599999999999,22.414532057887488,2023,6,Jun,2023-06
1045,2023-06-06,Bob,South,3284.53,15,Electronics,316.22,799.04,New,0.0,Bank Transfer,Online,South-Bob,11985.599999999999,4743.3,7242.299999999998,60.42501001201441,2023,6,Jun,2023-06
1085,2023-06-07,Charlie,East,2070.02,42,Clothing,2254.11,2382.23,Returning,0.15,Credit Card,Retail,East-Charlie,100053.66,94672.62000000001,5381.039999999994,5.3781540825193135,2023,6,Jun,2023-06
1037,2023-06-07,Alice,South,6055.38,4,Food,4721.7,5017.58,New,0.24,Cash,Retail,South-Alice,20070.32,18886.8,1183.5200000000004,5.8968666169747195,2023,6,Jun,2023-06
1014,2023-06-07,Alice,North,408.38,3,Electronics,2468.29,2723.13,Returning,0.08,Cash,Retail,North-Alice,8169.39,7404.87,764.5200000000004,9.358348664955406,2023,6,Jun,2023-06
1099,2023-06-07,Charlie,East,4346.55,31,Food,1974.4,2259.5,New,0.27,Cash,Retail,East-Charlie,70044.5,61206.4,8838.099999999999,12.617835804381498,2023,6,Jun,2023-06
1012,2023-06-08,Bob,East,3608.81,19,Furniture,3457.28,3598.7200000000003,New,0.27,Bank Transfer,Online,East-Bob,68375.68000000001,65688.32,2687.3600000000006,3.9302863240263206,2023,6,Jun,2023-06
1032,2023-06-08,Eve,West,219.82,49,Electronics,4812.41,5088.0,Returning,0.09,Credit Card,Online,West-Eve,249312.0,235808.09,13503.910000000003,5.416470125786165,2023,6,Jun,2023-06
1057,2023-06-08,Charlie,East,1605.28,43,Furniture,4567.39,4958.780000000001,New,0.04,Cash,Retail,East-Charlie,213227.54000000004,196397.77000000002,16829.77000000002,7.8928688104735505,2023,6,Jun,2023-06
1047,2023-06-09,David,East,3746.64,18,Clothing,560.92,1024.31,Returning,0.26,Cash,Online,East-David,18437.579999999998,10096.56,8341.019999999999,45.239234216204075,2023,6,Jun,2023-06
1093,2023-06-09,Bob,South,4391.38,38,Food,86.59,390.89,Returning,0.25,Credit Card,Online,South-Bob,14853.82,3290.42,11563.4,77.84798792499168,2023,6,Jun,2023-06
1017,2023-06-09,Charlie,East,2638.98,35,Furniture,4480.63,4884.12,New,0.04,Cash,Online,East-Charlie,170944.19999999998,156822.05000000002,14122.149999999965,8.261263032030316,2023,6,Jun,2023-06
1029,2023-06-10,Eve,East,1687.62,15,Clothing,498.27,634.16,Returning,0.11,Credit Card,Retail,East-Eve,9512.4,7474.049999999999,2038.3500000000004,21.428346158698126,2023,6,Jun,2023-06
1054,2023-06-10,Bob,South,7853.66,21,Furniture,4668.14,5040.22,New,0.05,Bank Transfer,Online,South-Bob,105844.62000000001,98030.94,7813.680000000008,7.382217442889403,2023,6,Jun,2023-06
1053,2023-06-10,Charlie,East,1554.53,39,Furniture,4643.67,4829.52,Returning,0.17,Bank Transfer,Online,East-Charlie,188351.28000000003,181103.13,7248.150000000023,3.848208517616669,2023,6,Jun,2023-06
1028,2023-06-10,Alice,North,7987.15,2,Furniture,3146.12,3255.5299999999997,Returning,0.06,Bank Transfer,Online,North-Alice,6511.0599999999995,6292.24,218.8199999999997,3.360743104809351,2023,6,Jun,2023-06
1096,2023-06-10,Charlie,South,2320.51,6,Furniture,252.62,742.0,New,0.22,Credit Card,Retail,South-Charlie,4452.0,1515.72,2936.2799999999997,65.95417789757411,2023,6,Jun,2023-06
1085,2023-06-11,David,East,7813.12,8,Food,3048.48,3198.54,Returning,0.03,Bank Transfer,Online,East-David,25588.32,24387.84,1200.4799999999996,4.691515503948675,2023,6,Jun,2023-06
1082,2023-06-11,Alice,North,7041.58,17,Furniture,890.31,1159.06,Returning,0.06,Cash,Retail,North-Alice,19704.02,15135.269999999999,4568.750000000002,23.186892826945982,2023,6,Jun,2023-06
1008,2023-06-12,Alice,East,7507.02,32,Food,4298.12,4446.9,New,0.1,Bank Transfer,Online,East-Alice,142300.8,137539.84,4760.959999999992,3.345701499921288,2023,6,Jun,2023-06
1078,2023-06-12,Charlie,South,6136.0,29,Electronics,3177.81,3222.65,Returning,0.08,Credit Card,Retail,South-Charlie,93456.85,92156.49,1300.3600000000006,1.3914014863543984,2023,6,Jun,2023-06
1030,2023-06-13,Charlie,West,4478.71,5,Clothing,3932.14,4082.76,New,0.26,Credit Card,Online,West-Charlie,20413.800000000003,19660.7,753.1000000000022,3.6891710509557365,2023,6,Jun,2023-06
1097,2023-06-13,Charlie,East,7509.01,10,Furniture,2162.95,2191.1899999999996,Returning,0.2,Credit Card,Online,East-Charlie,21911.899999999994,21629.5,282.3999999999942,1.2887974114521983,2023,6,Jun,2023-06
1011,2023-06-14,Alice,South,4531.97,38,Furniture,4456.67,4642.46,New,0.06,Bank Transfer,Online,South-Alice,176413.48,169353.46,7060.020000000019,4.001973091852175,2023,6,Jun,2023-06
1008,2023-06-14,Eve,North,1403.98,24,Clothing,1394.17,1891.02,New,0.21,Credit Card,Online,North-Eve,45384.479999999996,33460.08,11924.399999999994,26.274180072130378,2023,6,Jun,2023-06
1007,2023-06-14,Alice,North,249.6,9,Clothing,1481.76,1668.95,Returning,0.12,Credit Card,Retail,North-Alice,15020.550000000001,13335.84,1684.710000000001,11.216034033374282,2023,6,Jun,2023-06
1038,2023-06-15,Alice,West,2758.77,42,Food,1089.09,1355.44,New,0.06,Cash,Retail,West-Alice,56928.48,45741.78,11186.700000000004,19.650445611757075,2023,6,Jun,2023-06
1004,2023-06-15,Alice,East,6277.59,13,Furniture,3087.73,3263.96,New,0.24,Cash,Retail,East-Alice,42431.48,40140.49,2290.9900000000052,5.399269598892155,2023,6,Jun,2023-06
1075,2023-06-15,Eve,North,9736.49,26,Furniture,1749.34,1935.25,New,0.14,Credit Card,Online,North-Eve,50316.5,45482.84,4833.6600000000035,9.606510786720069,2023,6,Jun,2023-06
1072,2023-06-15,David,North,6976.49,35,Electronics,4349.36,4645.17,Returning,0.18,Credit Card,Retail,North-David,162580.95,152227.59999999998,10353.350000000035,6.368120004219458,2023,6,Jun,2023-06
1044,2023-06-17,Charlie,North,2541.38,6,Furniture,2388.95,2742.97,Returning,0.25,Credit Card,Retail,North-Charlie,16457.82,14333.699999999999,2124.120000000001,12.906448120103398,2023,6,Jun,2023-06
1092,2023-06-17,David,East,862.02,21,Clothing,2792.2,3254.5499999999997,New,0.02,Credit Card,Retail,East-David,68345.54999999999,58636.2,9709.349999999991,14.20626507504877,2023,6,Jun,2023-06
1092,2023-06-17,Alice,East,1632.8,47,Furniture,1447.45,1703.02,Returning,0.12,Bank Transfer,Retail,East-Alice,80041.94,68030.15000000001,12011.789999999994,15.006870148324733,2023,6,Jun,2023-06
1038,2023-06-18,Eve,West,2792.27,24,Clothing,1543.91,1862.88,New,0.09,Bank Transfer,Online,West-Eve,44709.12,37053.840000000004,7655.279999999999,17.12241260843425,2023,6,Jun,2023-06
1045,2023-06-19,David,North,2768.17,36,Electronics,3835.64,4076.77,Returning,0.1,Credit Card,Retail,North-David,146763.72,138083.04,8680.679999999993,5.914731515390856,2023,6,Jun,2023-06
1029,2023-06-19,Eve,South,8064.5,27,Food,3196.38,3596.6400000000003,New,0.01,Cash,Retail,South-Eve,97109.28000000001,86302.26000000001,10807.020000000004,11.128720138796213,2023,6,Jun,2023-06
1002,2023-06-19,Eve,West,1263.76,18,Food,117.63,576.44,New,0.18,Credit Card,Retail,West-Eve,10375.920000000002,2117.34,8258.580000000002,79.59371313579905,2023,6,Jun,2023-06
1058,2023-06-20,Eve,West,2896.54,48,Clothing,2614.48,3049.04,New,0.1,Credit Card,Retail,West-Eve,146353.91999999998,125495.04000000001,20858.879999999976,14.252354839556041,2023,6,Jun,2023-06
1012,2023-06-20,Alice,South,2019.24,47,Clothing,325.75,803.71,New,0.12,Bank Transfer,Retail,South-Alice,37774.37,15310.25,22464.120000000003,59.46921153152257,2023,6,Jun,2023-06
1018,2023-06-21,Eve,North,750.38,28,Clothing,1006.14,1043.45,New,0.15,Bank Transfer,Retail,North-Eve,29216.600000000002,28171.92,1044.680000000004,3.5756385068762415,2023,6,Jun,2023-06
1064,2023-06-21,Bob,West,9215.59,46,Electronics,984.53,1138.49,New,0.04,Bank Transfer,Online,West-Bob,52370.54,45288.38,7082.1600000000035,13.523175434127666,2023,6,Jun,2023-06
1004,2023-06-22,Eve,South,7762.51,39,Electronics,2416.89,2778.3999999999996,Returning,0.05,Cash,Online,South-Eve,108357.59999999999,94258.70999999999,14098.89,13.011445436222285,2023,6,Jun,2023-06
1084,2023-06-22,Eve,North,6658.1,49,Furniture,4291.97,4645.64,Returning,0.26,Credit Card,Online,North-Eve,227636.36000000002,210306.53,17329.830000000016,7.612944610430432,2023,6,Jun,2023-06
1063,2023-06-22,Bob,South,5917.1,25,Electronics,3997.1,4212.65,New,0.22,Cash,Online,South-Bob,105316.24999999999,99927.5,5388.749999999985,5.1167317484243755,2023,6,Jun,2023-06
1079,2023-06-22,Eve,East,2265.23,49,Clothing,437.59,675.54,Returning,0.1,Cash,Online,East-Eve,33101.46,21441.91,11659.55,35.22367291352103,2023,6,Jun,2023-06
1067,2023-06-23,Bob,North,914.5,11,Furniture,3435.68,3552.6299999999997,New,0.27,Cash,Retail,North-Bob,39078.92999999999,37792.479999999996,1286.449999999997,3.2919273890047585,2023,6,Jun,2023-06
1054,2023-06-23,David,West,4291.02,27,Electronics,1456.09,1510.4299999999998,Returning,0.17,Cash,Retail,West-David,40781.60999999999,39314.43,1467.179999999993,3.5976510000463278,2023,6,Jun,2023-06
1021,2023-06-24,Alice,West,9422.75,24,Electronics,4916.17,5309.32,Returning,0.19,Credit Card,Online,West-Alice,127423.68,117988.08,9435.599999999991,7.404903076100135,2023,6,Jun,2023-06
1066,2023-06-24,Bob,West,5851.41,13,Furniture,4133.92,4358.37,New,0.13,Cash,Retail,West-Bob,56658.81,53740.96,2917.8499999999985,5.149861071914498,2023,6,Jun,2023-06
1024,2023-06-24,Alice,North,8292.31,43,Clothing,3105.24,3246.33,New,0.25,Cash,Online,North-Alice,139592.19,133525.31999999998,6066.870000000024,4.346138562623041,2023,6,Jun,2023-06
1031,2023-06-25,Alice,West,1781.82,10,Electronics,566.86,818.14,Returning,0.25,Credit Card,Retail,West-Alice,8181.4,5668.6,2512.7999999999993,30.713569804678897,2023,6,Jun,2023-06
1045,2023-06-25,Eve,South,1489.21,9,Clothing,4920.34,5129.1900000000005,Returning,0.13,Credit Card,Online,South-Eve,46162.71000000001,44283.06,1879.6500000000087,4.0717930121520345,2023,6,Jun,2023-06
1016,2023-06-25,Alice,West,5401.98,2,Electronics,3144.82,3480.58,Returning,0.12,Cash,Retail,West-Alice,6961.16,6289.64,671.5199999999995,9.64666808405495,2023,6,Jun,2023-06
1064,2023-06-26,Alice,North,6201.37,21,Clothing,2278.04,2598.58,Returning,0.02,Credit Card,Retail,North-Alice,54570.18,47838.84,6731.340000000004,12.335198454540564,2023,6,Jun,2023-06
1089,2023-06-26,Eve,North,9029.21,35,Furniture,3925.85,4082.11,New,0.22,Cash,Online,North-Eve,142873.85,137404.75,5469.100000000006,3.8279223244841556,2023,6,Jun,2023-06
1016,2023-06-26,Charlie,North,9027.56,3,Electronics,3401.87,3733.71,Returning,0.06,Bank Transfer,Retail,North-Charlie,11201.130000000001,10205.61,995.5200000000004,8.887674725675001,2023,6,Jun,2023-06
1071,2023-06-26,David,North,6664.17,35,Clothing,295.82,684.6700000000001,New,0.03,Credit Card,Online,North-David,23963.450000000004,10353.699999999999,13609.750000000005,56.793783866680315,2023,6,Jun,2023-06
1025,2023-06-26,David,North,2457.65,47,Furniture,3861.61,3998.91,New,0.25,Credit Card,Online,North-David,187948.77,181495.67,6453.099999999977,3.433435611204041,2023,6,Jun,2023-06
1080,2023-06-27,Eve,West,5012.96,35,Furniture,900.97,1321.18,Returning,0.1,Cash,Online,West-Eve,46241.3,31533.95,14707.350000000002,31.805658577937905,2023,6,Jun,2023-06
1004,2023-06-27,Alice,West,7825.72,2,Electronics,2953.23,2977.52,Returning,0.11,Credit Card,Retail,West-Alice,5955.04,5906.46,48.57999999999993,0.8157795749482779,2023,6,Jun,2023-06
1021,2023-06-27,Charlie,North,3777.53,19,Electronics,1222.4,1464.71,New,0.0,Credit Card,Retail,North-Charlie,27829.49,23225.600000000002,4603.889999999999,16.54320650504195,2023,6,Jun,2023-06
1039,2023-06-27,Bob,East,9683.85,2,Electronics,4394.58,4545.78,Returning,0.2,Credit Card,Retail,East-Bob,9091.56,8789.16,302.39999999999964,3.326161846811764,2023,6,Jun,2023-06
1059,2023-06-28,Bob,North,2338.64,13,Electronics,1969.78,2437.7,New,0.19,Credit Card,Retail,North-Bob,31690.1,25607.14,6082.959999999999,19.195142962628704,2023,6,Jun,2023-06
1004,2023-06-28,Bob,West,8003.1,38,Furniture,4881.63,5088.06,Returning,0.16,Credit Card,Retail,West-Bob,193346.28000000003,185501.94,7844.340000000026,4.057145552528874,2023,6,Jun,2023-06
1090,2023-06-28,Charlie,North,5976.25,41,Clothing,3736.88,3946.77,Returning,0.06,Credit Card,Online,North-Charlie,161817.57,153212.08000000002,8605.48999999999,5.318019545096364,2023,6,Jun,2023-06
1023,2023-06-28,Eve,East,2170.94,9,Clothing,4155.46,4273.6,Returning,0.25,Cash,Retail,East-Eve,38462.4,37399.14,1063.260000000002,2.7644140771246777,2023,6,Jun,2023-06
1075,2023-06-29,David,South,4223.39,30,Furniture,738.06,1095.4499999999998,New,0.05,Bank Transfer,Online,South-David,32863.49999999999,22141.8,10721.699999999993,32.62494865123921,2023,6,Jun,2023-06
1067,2023-06-29,Eve,South,114.59,48,Food,4319.32,4625.5599999999995,Returning,0.1,Bank Transfer,Online,South-Eve,222026.87999999998,207327.36,14699.51999999999,6.6206037755428495,2023,6,Jun,2023-06
1032,2023-06-30,Eve,North,3312.67,6,Clothing,2522.76,2840.1400000000003,Returning,0.07,Credit Card,Retail,North-Eve,17040.840000000004,15136.560000000001,1904.2800000000025,11.174801242192297,2023,6,Jun,2023-06
1065,2023-06-30,Eve,South,8840.86,13,Furniture,1339.0,1441.88,Returning,0.23,Credit Card,Retail,South-Eve,18744.440000000002,17407.0,1337.4400000000023,7.135129136960091,2023,6,Jun,2023-06
1086,2023-06-30,Bob,North,8414.04,46,Clothing,2245.64,2260.81,New,0.0,Cash,Retail,North-Bob,103997.26,103299.43999999999,697.820000000007,0.6709984474591033,2023,6,Jun,2023-06
1036,2023-07-01,Alice,West,3111.57,17,Furniture,1475.0,1840.77,Returning,0.1,Credit Card,Online,West-Alice,31293.09,25075.0,6218.09,19.870488980155045,2023,7,Jul,2023-07
1090,2023-07-01,David,North,2150.05,31,Furniture,4496.86,4880.799999999999,New,0.06,Cash,Retail,North-David,151304.8,139402.66,11902.139999999985,7.866333387969177,2023,7,Jul,2023-07
1027,2023-07-01,Eve,North,8666.43,15,Clothing,1615.26,1710.95,New,0.23,Credit Card,Retail,North-Eve,25664.25,24228.9,1435.3499999999985,5.592799322014081,2023,7,Jul,2023-07
1067,2023-07-02,Alice,North,8602.29,36,Electronics,689.66,1150.28,New,0.2,Bank Transfer,Online,North-Alice,41410.08,24827.76,16582.320000000003,40.044163160274024,2023,7,Jul,2023-07
1014,2023-07-02,David,East,9278.53,7,Clothing,4705.46,4747.07,New,0.27,Bank Transfer,Retail,East-David,33229.49,32938.22,291.2699999999968,0.8765406872028335,2023,7,Jul,2023-07
1066,2023-07-03,Charlie,North,6380.2,15,Furniture,2579.31,2867.36,Returning,0.04,Bank Transfer,Retail,North-Charlie,43010.4,38689.65,4320.75,10.04582612577423,2023,7,Jul,2023-07
1029,2023-07-04,Charlie,North,5240.32,31,Furniture,951.21,1320.3200000000002,New,0.15,Cash,Online,North-Charlie,40929.920000000006,29487.510000000002,11442.410000000003,27.956101551139124,2023,7,Jul,2023-07
1067,2023-07-05,Alice,West,6360.67,27,Furniture,3624.97,3836.52,New,0.08,Cash,Online,West-Alice,103586.04,97874.18999999999,5711.850000000006,5.5141117471041525,2023,7,Jul,2023-07
1053,2023-07-06,Charlie,East,4396.81,11,Electronics,200.56,540.38,New,0.18,Bank Transfer,Online,East-Charlie,5944.18,2206.16,3738.0200000000004,62.88537695695622,2023,7,Jul,2023-07
1055,2023-07-06,Eve,South,1242.41,16,Clothing,4195.38,4461.51,Returning,0.09,Bank Transfer,Online,South-Eve,71384.16,67126.08,4258.080000000002,5.965020811339661,2023,7,Jul,2023-07
1033,2023-07-07,Eve,East,8775.56,13,Food,4342.53,4357.49,New,0.08,Bank Transfer,Online,East-Eve,56647.369999999995,56452.89,194.47999999999593,0.3433169095052355,2023,7,Jul,2023-07
1080,2023-07-07,Charlie,West,5993.5,14,Food,4127.54,4495.13,New,0.06,Bank Transfer,Retail,West-Charlie,62931.82,57785.56,5146.260000000002,8.177516556807037,2023,7,Jul,2023-07
1004,2023-07-07,Eve,North,6772.8,35,Clothing,2278.87,2646.5299999999997,Returning,0.09,Bank Transfer,Online,North-Eve,92628.54999999999,79760.45,12868.099999999991,13.892153121256884,2023,7,Jul,2023-07
1047,2023-07-07,David,South,9519.3,15,Clothing,957.95,1329.26,New,0.21,Cash,Online,South-David,19938.9,14369.25,5569.6500000000015,27.93358710861683,2023,7,Jul,2023-07
1092,2023-07-07,Alice,South,1039.69,14,Furniture,2559.65,2709.4,Returning,0.11,Credit Card,Retail,South-Alice,37931.6,35835.1,2096.5,5.527053960286411,2023,7,Jul,2023-07
1042,2023-07-08,Alice,East,5947.31,23,Electronics,1314.0,1567.78,Returning,0.15,Credit Card,Retail,East-Alice,36058.94,30222.0,5836.940000000002,16.18722014568371,2023,7,Jul,2023-07
1086,2023-07-09,David,North,7041.28,28,Food,2564.35,2765.79,Returning,0.17,Credit Card,Online,North-David,77442.12,71801.8,5640.319999999992,7.283271687293675,2023,7,Jul,2023-07
1047,2023-07-10,David,North,6976.95,36,Food,4043.53,4384.85,New,0.14,Cash,Online,North-David,157854.6,145567.08000000002,12287.51999999999,7.78407471179173,2023,7,Jul,2023-07
1092,2023-07-11,Eve,East,7667.1,33,Electronics,2595.42,3083.06,New,0.08,Credit Card,Online,East-Eve,101740.98,85648.86,16092.119999999995,15.816753485173818,2023,7,Jul,2023-07
1025,2023-07-11,Charlie,West,5910.67,40,Electronics,2983.85,3239.74,New,0.27,Credit Card,Online,West-Charlie,129589.59999999999,119354.0,10235.599999999991,7.898473334279905,2023,7,Jul,2023-07
1058,2023-07-12,Eve,East,9580.05,14,Electronics,2703.97,2796.8799999999997,New,0.13,Bank Transfer,Online,East-Eve,39156.31999999999,37855.579999999994,1300.739999999998,3.32191584908898,2023,7,Jul,2023-07
1023,2023-07-12,Alice,North,5051.12,2,Food,665.89,944.79,New,0.1,Credit Card,Retail,North-Alice,1889.58,1331.78,557.8,29.519787465997734,2023,7,Jul,2023-07
1046,2023-07-12,Eve,North,485.49,17,Furniture,3850.99,4045.34,Returning,0.16,Credit Card,Online,North-Eve,68770.78,65466.829999999994,3303.9500000000044,4.804293335047246,2023,7,Jul,2023-07
1004,2023-07-13,Eve,East,1526.38,16,Clothing,1067.83,1189.22,Returning,0.26,Credit Card,Retail,East-Eve,19027.52,17085.28,1942.2400000000016,10.20753098669717,2023,7,Jul,2023-07
1054,2023-07-13,Alice,South,7002.37,47,Food,4429.8,4694.21,New,0.25,Bank Transfer,Online,South-Alice,220627.87,208200.6,12427.26999999999,5.632683667752397,2023,7,Jul,2023-07
1021,2023-07-13,Bob,West,9638.64,43,Furniture,4154.3,4469.07,Returning,0.23,Cash,Retail,West-Bob,192170.00999999998,178634.9,13535.109999999986,7.043299836431287,2023,7,Jul,2023-07
1081,2023-07-14,Eve,North,7001.64,16,Clothing,2530.15,2568.13,New,0.01,Credit Card,Online,North-Eve,41090.08,40482.4,607.6800000000003,1.478897096330794,2023,7,Jul,2023-07
1027,2023-07-14,Bob,South,6650.67,22,Food,3240.2,3606.09,New,0.07,Cash,Online,South-Bob,79333.98000000001,71284.4,8049.580000000016,10.146446705434437,2023,7,Jul,2023-07
1030,2023-07-14,Bob,East,3407.09,39,Clothing,4929.73,5088.0199999999995,New,0.23,Bank Transfer,Retail,East-Bob,198432.77999999997,192259.46999999997,6173.309999999998,3.1110333685795255,2023,7,Jul,2023-07
1017,2023-07-15,David,North,5705.19,23,Electronics,1771.52,2147.8,New,0.07,Bank Transfer,Online,North-David,49399.4,40744.96,8654.440000000002,17.519322097029523,2023,7,Jul,2023-07
1052,2023-07-15,Charlie,East,1700.55,48,Food,3002.35,3080.61,Returning,0.18,Bank Transfer,Retail,East-Charlie,147869.28,144112.8,3756.4800000000105,2.540405958560162,2023,7,Jul,2023-07
1017,2023-07-16,Alice,South,3137.09,18,Furniture,1069.73,1180.04,Returning,0.22,Bank Transfer,Online,South-Alice,21240.72,19255.14,1985.5800000000017,9.34798820378971,2023,7,Jul,2023-07
1030,2023-07-17,David,West,3023.48,19,Clothing,3049.33,3209.22,Returning,0.26,Cash,Online,West-David,60975.17999999999,57937.27,3037.909999999996,4.982207514598557,2023,7,Jul,2023-07
1019,2023-07-17,David,South,7320.51,14,Clothing,1614.19,1882.79,New,0.25,Credit Card,Retail,South-David,26359.059999999998,22598.66,3760.399999999998,14.266062598590382,2023,7,Jul,2023-07
1090,2023-07-17,David,North,5076.05,14,Electronics,1350.47,1514.61,New,0.2,Credit Card,Retail,North-David,21204.539999999997,18906.58,2297.9599999999955,10.837113184252031,2023,7,Jul,2023-07
1089,2023-07-17,Charlie,North,3438.35,31,Clothing,845.14,1001.77,New,0.03,Cash,Online,North-Charlie,31054.87,26199.34,4855.529999999999,15.635325473911173,2023,7,Jul,2023-07
1003,2023-07-17,Eve,West,5738.44,15,Electronics,1729.14,1870.88,Returning,0.23,Cash,Online,West-Eve,28063.2,25937.100000000002,2126.0999999999985,7.5761139143077,2023,7,Jul,2023-07
1052,2023-07-18,Eve,South,6675.77,42,Electronics,417.96,907.63,New,0.04,Cash,Retail,South-Eve,38120.46,17554.32,20566.14,53.950398290052114,2023,7,Jul,2023-07
1019,2023-07-18,Alice,North,7948.31,12,Clothing,4745.18,5145.88,Returning,0.19,Credit Card,Online,North-Alice,61750.56,56942.16,4808.399999999994,7.786811973850916,2023,7,Jul,2023-07
1050,2023-07-18,Eve,South,6107.78,43,Furniture,4834.47,4973.38,Returning,0.03,Bank Transfer,Online,South-Eve,213855.34,207882.21000000002,5973.129999999976,2.7930703063107876,2023,7,Jul,2023-07
1090,2023-07-19,Charlie,West,656.14,10,Furniture,2387.63,2438.9700000000003,Returning,0.02,Bank Transfer,Retail,West-Charlie,24389.700000000004,23876.300000000003,513.4000000000015,2.1049869412087947,2023,7,Jul,2023-07
1062,2023-07-19,Charlie,North,5684.33,10,Electronics,2940.4,3054.79,Returning,0.08,Credit Card,Online,North-Charlie,30547.9,29404.0,1143.9000000000015,3.74461092251841,2023,7,Jul,2023-07
1062,2023-07-20,Eve,North,903.38,48,Electronics,1679.69,1939.04,New,0.09,Credit Card,Online,North-Eve,93073.92,80625.12,12448.800000000003,13.375175344500375,2023,7,Jul,2023-07
1086,2023-07-20,Bob,North,7075.09,17,Food,1057.27,1366.62,New,0.21,Credit Card,Retail,North-Bob,23232.539999999997,17973.59,5258.949999999997,22.636138794983232,2023,7,Jul,2023-07
1055,2023-07-20,Eve,West,7354.06,43,Furniture,4111.7,4537.94,Returning,0.13,Bank Transfer,Online,West-Eve,195131.41999999998,176803.1,18328.319999999978,9.392808190500524,2023,7,Jul,2023-07
1066,2023-07-21,Charlie,East,3492.19,4,Furniture,868.83,1177.75,Returning,0.21,Credit Card,Retail,East-Charlie,4711.0,3475.32,1235.6799999999998,26.229675228189343,2023,7,Jul,2023-07
1017,2023-07-21,David,East,3388.69,1,Food,172.59,404.69,Returning,0.29,Bank Transfer,Online,East-David,404.69,172.59,232.1,57.35254145148138,2023,7,Jul,2023-07
1063,2023-07-21,Bob,East,6359.59,32,Electronics,975.31,1176.17,New,0.22,Bank Transfer,Retail,East-Bob,37637.44,31209.92,6427.520000000004,17.077463291871084,2023,7,Jul,2023-07
1023,2023-07-21,Eve,North,2282.99,4,Clothing,1532.8,1619.69,Returning,0.05,Bank Transfer,Retail,North-Eve,6478.76,6131.2,347.5600000000004,5.364606807475511,2023,7,Jul,2023-07
1039,2023-07-22,Alice,East,6807.67,42,Clothing,3120.19,3600.14,Returning,0.19,Credit Card,Retail,East-Alice,151205.88,131047.98,20157.90000000001,13.331426000100002,2023,7,Jul,2023-07
1042,2023-07-23,Charlie,West,8417.07,26,Electronics,4208.09,4226.56,Returning,0.29,Cash,Retail,West-Charlie,109890.56000000001,109410.34,480.2200000000157,0.43699841005452666,2023,7,Jul,2023-07
1056,2023-07-23,Bob,West,7591.63,35,Furniture,2344.93,2707.25,New,0.12,Credit Card,Retail,West-Bob,94753.75,82072.54999999999,12681.200000000012,13.383322559793159,2023,7,Jul,2023-07
1098,2023-07-24,Alice,South,8188.04,19,Electronics,4055.51,4258.84,Returning,0.03,Credit Card,Online,South-Alice,80917.96,77054.69,3863.270000000004,4.774304740257915,2023,7,Jul,2023-07
1047,2023-07-25,Charlie,East,2936.54,19,Furniture,3484.62,3781.55,Returning,0.21,Credit Card,Retail,East-Charlie,71849.45,66207.78,5641.669999999998,7.852071240628841,2023,7,Jul,2023-07
1003,2023-07-25,Eve,West,5617.64,5,Food,2206.58,2490.47,New,0.28,Cash,Online,West-Eve,12452.349999999999,11032.9,1419.449999999999,11.399053190763182,2023,7,Jul,2023-07
1015,2023-07-26,David,North,2706.15,9,Electronics,4680.35,4758.110000000001,Returning,0.05,Bank Transfer,Online,North-David,42822.990000000005,42123.15,699.8400000000038,1.6342623436616726,2023,7,Jul,2023-07
1078,2023-07-27,Eve,North,4127.37,3,Clothing,902.38,1128.91,New,0.01,Bank Transfer,Retail,North-Eve,3386.7300000000005,2707.14,679.5900000000006,20.066258603431645,2023,7,Jul,2023-07
1062,2023-07-27,David,South,4078.68,44,Electronics,987.74,1462.19,New,0.24,Bank Transfer,Online,South-David,64336.36,43460.56,20875.800000000003,32.4479034872349,2023,7,Jul,2023-07
1054,2023-07-28,David,East,768.28,20,Clothing,4622.14,5122.070000000001,New,0.26,Cash,Retail,East-David,102441.40000000001,92442.8,9998.600000000006,9.760311748960875,2023,7,Jul,2023-07
1082,2023-07-28,Alice,East,8540.22,48,Food,3380.52,3778.94,Returning,0.3,Bank Transfer,Online,East-Alice,181389.12,162264.96,19124.160000000003,10.543168190021543,2023,7,Jul,2023-07
1025,2023-07-28,David,West,4376.99,37,Electronics,1115.02,1174.48,New,0.22,Credit Card,Online,West-David,43455.76,41255.74,2200.020000000004,5.0626660309243325,2023,7,Jul,2023-07
1044,2023-07-29,Alice,North,6144.41,47,Electronics,1512.34,1830.76,New,0.12,Bank Transfer,Online,North-Alice,86045.72,71079.98,14965.740000000005,17.39277677030305,2023,7,Jul,2023-07
1096,2023-07-29,Charlie,West,485.41,38,Electronics,3955.66,4270.59,Returning,0.15,Credit Card,Online,West-Charlie,162282.42,150315.08,11967.340000000026,7.374390892124991,2023,7,Jul,2023-07
1082,2023-07-29,Eve,East,5677.61,46,Food,1102.69,1437.12,New,0.11,Credit Card,Online,East-Eve,66107.51999999999,50723.740000000005,15383.779999999984,23.270847250055645,2023,7,Jul,2023-07
1059,2023-07-29,Bob,South,7678.91,16,Furniture,4287.21,4464.28,Returning,0.2,Credit Card,Retail,South-Bob,71428.48,68595.36,2833.1199999999953,3.9663730769575323,2023,7,Jul,2023-07
1048,2023-07-30,Alice,North,9527.0,6,Furniture,1945.27,2309.43,New,0.26,Credit Card,Online,North-Alice,13856.579999999998,11671.619999999999,2184.959999999999,15.768393066687448,2023,7,Jul,2023-07
1088,2023-07-30,Eve,East,7997.55,1,Furniture,4384.64,4693.900000000001,New,0.14,Cash,Retail,East-Eve,4693.900000000001,4384.64,309.2600000000002,6.588551098233881,2023,7,Jul,2023-07
1002,2023-07-31,David,East,8090.84,21,Clothing,4138.41,4361.7,Returning,0.07,Credit Card,Retail,East-David,91595.7,86906.61,4689.0899999999965,5.119334204553267,2023,7,Jul,2023-07
1063,2023-08-01,Bob,South,6346.13,4,Electronics,1046.26,1475.29,Returning,0.09,Bank Transfer,Retail,South-Bob,5901.16,4185.04,1716.12,29.081062028482535,2023,8,Aug,2023-08
1039,2023-08-01,Eve,West,7527.63,36,Clothing,2919.0,3125.01,New,0.24,Cash,Online,West-Eve,112500.36000000002,105084.0,7416.360000000015,6.592298904643518,2023,8,Aug,2023-08
1038,2023-08-02,Alice,East,8489.14,43,Furniture,3031.17,3231.32,Returning,0.22,Cash,Retail,East-Alice,138946.76,130340.31,8606.450000000012,6.194063107336948,2023,8,Aug,2023-08
1096,2023-08-02,Bob,North,4815.72,30,Electronics,3969.86,4281.79,Returning,0.08,Bank Transfer,Retail,North-Bob,128453.7,119095.8,9357.899999999994,7.28503733251747,2023,8,Aug,2023-08
1029,2023-08-02,Eve,South,2855.85,46,Furniture,4609.66,4879.15,Returning,0.3,Cash,Retail,South-Eve,224440.9,212044.36,12396.540000000008,5.523298115450441,2023,8,Aug,2023-08
1001,2023-08-03,Bob,West,5879.35,20,Food,2153.52,2303.7,Returning,0.01,Cash,Retail,West-Bob,46074.0,43070.4,3003.5999999999985,6.5190780049485575,2023,8,Aug,2023-08
1023,2023-08-03,David,West,8055.02,45,Food,4692.24,4825.92,Returning,0.19,Bank Transfer,Retail,West-David,217166.4,211150.8,6015.600000000006,2.7700417744181447,2023,8,Aug,2023-08
1016,2023-08-03,Alice,West,3080.36,16,Furniture,4457.68,4743.030000000001,Returning,0.19,Cash,Online,West-Alice,75888.48000000001,71322.88,4565.600000000006,6.0161963976614174,2023,8,Aug,2023-08
1002,2023-08-03,Alice,South,8302.7,16,Furniture,2872.4,3193.76,Returning,0.04,Credit Card,Online,South-Alice,51100.16,45958.4,5141.760000000002,10.062121136215623,2023,8,Aug,2023-08
1033,2023-08-03,Alice,West,1103.59,40,Food,541.19,595.2,Returning,0.19,Credit Card,Online,West-Alice,23808.0,21647.600000000002,2160.399999999998,9.074260752688163,2023,8,Aug,2023-08
1043,2023-08-03,David,East,6601.89,22,Electronics,4260.0,4656.58,New,0.0,Bank Transfer,Online,East-David,102444.76,93720.0,8724.759999999995,8.516550773314316,2023,8,Aug,2023-08
1001,2023-08-04,David,West,9087.6,20,Food,3279.76,3563.9700000000003,Returning,0.25,Cash,Retail,West-David,71279.40000000001,65595.20000000001,5684.199999999997,7.974534016840765,2023,8,Aug,2023-08
1028,2023-08-04,Alice,North,2363.9,38,Clothing,3350.32,3449.94,New,0.26,Cash,Online,North-Alice,131097.72,127312.16,3785.5599999999977,2.8875864507788522,2023,8,Aug,2023-08
1047,2023-08-04,Eve,South,733.66,47,Clothing,4729.59,4976.68,Returning,0.18,Credit Card,Retail,South-Eve,233903.96000000002,222290.73,11613.23000000001,4.964956557383641,2023,8,Aug,2023-08
1035,2023-08-04,David,South,3817.14,30,Electronics,3813.62,3839.72,New,0.21,Credit Card,Online,South-David,115191.59999999999,114408.59999999999,783.0,0.6797370641609285,2023,8,Aug,2023-08
1001,2023-08-05,Bob,North,8247.54,4,Food,1791.83,1871.22,Returning,0.12,Bank Transfer,Online,North-Bob,7484.88,7167.32,317.5600000000004,4.242686589497766,2023,8,Aug,2023-08
1030,2023-08-05,Bob,West,9733.46,34,Electronics,3125.07,3564.19,Returning,0.09,Cash,Online,West-Bob,121182.46,106252.38,14930.080000000002,12.32033084655981,2023,8,Aug,2023-08
1069,2023-08-06,Bob,North,7936.43,4,Electronics,2485.86,2532.8700000000003,New,0.01,Credit Card,Online,North-Bob,10131.480000000001,9943.44,188.04000000000087,1.8559973468831883,2023,8,Aug,2023-08
1079,2023-08-06,David,North,1107.86,45,Clothing,1406.9,1547.35,New,0.17,Cash,Retail,North-David,69630.75,63310.50000000001,6320.249999999993,9.076808737518974,2023,8,Aug,2023-08
1015,2023-08-07,Alice,East,1148.47,19,Clothing,433.54,445.48,New,0.29,Bank Transfer,Retail,East-Alice,8464.12,8237.26,226.86000000000058,2.680255005836408,2023,8,Aug,2023-08
1077,2023-08-07,Charlie,East,242.38,43,Food,4402.66,4724.7,New,0.1,Bank Transfer,Retail,East-Charlie,203162.1,189314.38,13847.720000000001,6.816094143543506,2023,8,Aug,2023-08
1044,2023-08-08,Alice,North,4912.69,18,Clothing,430.14,641.18,New,0.13,Cash,Online,North-Alice,11541.24,7742.5199999999995,3798.7200000000003,32.914314233132664,2023,8,Aug,2023-08
1047,2023-08-08,David,North,1331.25,33,Electronics,1341.55,1427.21,Returning,0.15,Credit Card,Online,North-David,47097.93,44271.15,2826.779999999999,6.001919829597604,2023,8,Aug,2023-08
1047,2023-08-09,David,North,1910.09,41,Clothing,2888.49,2929.45,New,0.06,Cash,Retail,North-David,120107.45,118428.09,1679.3600000000006,1.3982146819368828,2023,8,Aug,2023-08
1017,2023-08-10,Alice,North,7400.52,43,Furniture,1454.8,1674.97,New,0.03,Credit Card,Online,North-Alice,72023.71,62556.4,9467.310000000005,13.144713039636535,2023,8,Aug,2023-08
1024,2023-08-10,Eve,South,4384.39,30,Food,1543.96,1558.87,Returning,0.28,Credit Card,Online,South-Eve,46766.1,46318.8,447.29999999999563,0.9564620526406855,2023,8,Aug,2023-08
1064,2023-08-10,Bob,South,322.02,5,Food,421.05,488.23,Returning,0.07,Credit Card,Retail,South-Bob,2441.15,2105.25,335.9000000000001,13.75990823996887,2023,8,Aug,2023-08
1075,2023-08-10,Charlie,North,9217.85,17,Electronics,4966.66,5037.2699999999995,Returning,0.24,Bank Transfer,Retail,North-Charlie,85633.59,84433.22,1200.3699999999953,1.401751345470855,2023,8,Aug,2023-08
1015,2023-08-11,Eve,East,3853.03,32,Furniture,970.51,1330.84,Returning,0.06,Cash,Retail,East-Eve,42586.88,31056.32,11530.559999999998,27.07538096239968,2023,8,Aug,2023-08
1032,2023-08-11,David,East,3147.18,5,Food,4714.74,5129.11,New,0.25,Bank Transfer,Online,East-David,25645.55,23573.699999999997,2071.850000000002,8.078789497593158,2023,8,Aug,2023-08
1028,2023-08-11,Charlie,West,5809.35,45,Clothing,4848.98,4985.75,Returning,0.2,Bank Transfer,Online,West-Charlie,224358.75,218204.09999999998,6154.650000000023,2.7432181717896107,2023,8,Aug,2023-08
1027,2023-08-11,Eve,North,1657.0,43,Clothing,4232.61,4572.21,New,0.01,Cash,Retail,North-Eve,196605.03,182002.22999999998,14602.800000000017,7.427480365075104,2023,8,Aug,2023-08
1082,2023-08-11,Charlie,North,3207.37,43,Furniture,2289.22,2581.0,New,0.05,Bank Transfer,Online,North-Charlie,110983.0,98436.45999999999,12546.540000000008,11.304920573421162,2023,8,Aug,2023-08
1018,2023-08-12,Charlie,North,2835.56,9,Electronics,3161.09,3216.42,New,0.17,Bank Transfer,Online,North-Charlie,28947.78,28449.81,497.9699999999975,1.7202355413782942,2023,8,Aug,2023-08
1075,2023-08-12,David,East,8989.4,14,Furniture,1612.93,1964.15,Returning,0.24,Bank Transfer,Retail,East-David,27498.100000000002,22581.02,4917.080000000002,17.88152636000306,2023,8,Aug,2023-08
1074,2023-08-12,Bob,East,6011.84,2,Food,2868.02,2994.74,Returning,0.18,Bank Transfer,Online,East-Bob,5989.48,5736.04,253.4399999999996,4.231419088134523,2023,8,Aug,2023-08
1060,2023-08-12,David,North,1756.48,5,Furniture,3970.08,4096.48,Returning,0.13,Cash,Retail,North-David,20482.399999999998,19850.4,631.9999999999964,3.085575909073138,2023,8,Aug,2023-08
1028,2023-08-12,Charlie,South,2490.82,41,Clothing,3956.03,4163.68,New,0.12,Bank Transfer,Retail,South-Charlie,170710.88,162197.23,8513.649999999994,4.987174806901583,2023,8,Aug,2023-08
1023,2023-08-13,Bob,East,4896.93,38,Clothing,324.45,336.37,New,0.28,Credit Card,Retail,East-Bob,12782.06,12329.1,452.9599999999991,3.543716740494092,2023,8,Aug,2023-08
1084,2023-08-13,Alice,West,1290.05,21,Furniture,3497.98,3765.31,New,0.08,Cash,Online,West-Alice,79071.51,73457.58,5613.929999999993,7.099813826749981,2023,8,Aug,2023-08
1035,2023-08-13,Alice,West,2049.56,5,Clothing,3991.69,4454.97,New,0.14,Credit Card,Retail,West-Alice,22274.850000000002,19958.45,2316.4000000000015,10.399172160530828,2023,8,Aug,2023-08
1065,2023-08-14,Bob,West,5878.76,26,Clothing,4337.85,4612.490000000001,Returning,0.01,Cash,Retail,West-Bob,119924.74000000002,112784.1,7140.640000000014,5.954267651528795,2023,8,Aug,2023-08
1100,2023-08-14,Bob,West,2198.74,43,Food,1100.81,1137.44,Returning,0.08,Bank Transfer,Online,West-Bob,48909.920000000006,47334.829999999994,1575.090000000011,3.2203896469264532,2023,8,Aug,2023-08
1083,2023-08-14,Eve,West,4902.44,42,Clothing,2505.41,2638.96,New,0.1,Bank Transfer,Online,West-Eve,110836.32,105227.22,5609.100000000006,5.060705732561317,2023,8,Aug,2023-08
1066,2023-08-14,Alice,South,4891.49,20,Electronics,955.18,1072.82,New,0.03,Bank Transfer,Retail,South-Alice,21456.399999999998,19103.6,2352.7999999999993,10.965492813333084,2023,8,Aug,2023-08
1063,2023-08-14,Bob,North,9956.75,27,Clothing,3760.25,4147.11,New,0.22,Cash,Online,North-Bob,111971.96999999999,101526.75,10445.219999999987,9.328423890371838,2023,8,Aug,2023-08
1093,2023-08-14,David,West,6885.89,6,Food,235.12,677.5,Returning,0.16,Credit Card,Online,West-David,4065.0,1410.72,2654.2799999999997,65.29594095940959,2023,8,Aug,2023-08
1013,2023-08-14,Alice,East,4250.79,26,Clothing,3749.12,4138.83,New,0.13,Credit Card,Online,East-Alice,107609.58,97477.12,10132.460000000006,9.41594605238679,2023,8,Aug,2023-08
1033,2023-08-15,Eve,East,3953.38,29,Clothing,1412.09,1596.65,Returning,0.07,Cash,Online,East-Eve,46302.850000000006,40950.61,5352.240000000005,11.559202079353655,2023,8,Aug,2023-08
1068,2023-08-15,Alice,South,7262.13,21,Food,1142.53,1384.3,Returning,0.02,Credit Card,Retail,South-Alice,29070.3,23993.13,5077.169999999998,17.465144838546554,2023,8,Aug,2023-08
1063,2023-08-15,Alice,East,2780.98,26,Food,1046.96,1528.15,New,0.07,Credit Card,Retail,East-Alice,39731.9,27220.96,12510.940000000002,31.48840100775448,2023,8,Aug,2023-08
1046,2023-08-15,Alice,South,2373.02,4,Furniture,4095.1,4134.55,Returning,0.09,Bank Transfer,Retail,South-Alice,16538.2,16380.4,157.8000000000011,0.9541546238405696,2023,8,Aug,2023-08
1074,2023-08-15,David,West,289.38,29,Furniture,1723.01,2197.42,New,0.07,Bank Transfer,Retail,West-David,63725.18,49967.29,13757.89,21.58940939829436,2023,8,Aug,2023-08
1075,2023-08-15,Charlie,North,9972.11,28,Clothing,2570.22,2610.8399999999997,Returning,0.27,Bank Transfer,Retail,North-Charlie,73103.51999999999,71966.15999999999,1137.3600000000006,1.5558211150434353,2023,8,Aug,2023-08
1014,2023-08-16,David,South,8983.92,26,Furniture,433.19,800.6,Returning,0.2,Cash,Online,South-David,20815.600000000002,11262.94,9552.660000000002,45.89183112665501,2023,8,Aug,2023-08
1086,2023-08-16,Alice,East,4923.93,48,Food,2632.58,2926.68,Returning,0.14,Cash,Online,East-Alice,140480.63999999998,126363.84,14116.799999999988,10.048929162053923,2023,8,Aug,2023-08
1059,2023-08-16,Alice,West,3634.59,21,Clothing,3110.54,3192.99,New,0.17,Credit Card,Online,West-Alice,67052.79,65321.34,1731.449999999997,2.5822191738777716,2023,8,Aug,2023-08
1060,2023-08-17,Bob,East,8371.25,16,Clothing,3975.99,4422.59,New,0.24,Cash,Online,East-Bob,70761.44,63615.84,7145.600000000006,10.098155153428202,2023,8,Aug,2023-08
1022,2023-08-17,Charlie,South,8813.55,21,Food,2537.2,2869.6,New,0.29,Bank Transfer,Retail,South-Charlie,60261.6,53281.2,6980.4000000000015,11.58349595762476,2023,8,Aug,2023-08
1009,2023-08-17,Bob,West,8912.4,33,Clothing,450.72,918.17,Returning,0.11,Cash,Online,West-Bob,30299.609999999997,14873.76,15425.849999999997,50.911051330363655,2023,8,Aug,2023-08
1016,2023-08-17,Eve,West,777.74,7,Food,282.94,779.3299999999999,Returning,0.28,Credit Card,Online,West-Eve,5455.3099999999995,1980.58,3474.7299999999996,63.694455493821614,2023,8,Aug,2023-08
1007,2023-08-17,Eve,East,2426.24,16,Furniture,4310.31,4633.1,New,0.28,Credit Card,Retail,East-Eve,74129.6,68964.96,5164.639999999999,6.967041505687336,2023,8,Aug,2023-08
1090,2023-08-19,Bob,West,9088.2,31,Clothing,2347.81,2668.02,Returning,0.09,Bank Transfer,Retail,West-Bob,82708.62,72782.11,9926.509999999995,12.001784094571999,2023,8,Aug,2023-08
1005,2023-08-20,Bob,North,4400.59,21,Food,4376.37,4818.95,New,0.0,Credit Card,Retail,North-Bob,101197.95,91903.77,9294.179999999993,9.184158374749678,2023,8,Aug,2023-08
1072,2023-08-21,Alice,West,8271.62,12,Clothing,710.99,876.46,Returning,0.03,Credit Card,Online,West-Alice,10517.52,8531.880000000001,1985.6399999999994,18.879355589530604,2023,8,Aug,2023-08
1050,2023-08-21,David,North,9976.52,17,Furniture,2346.8,2654.65,New,0.13,Cash,Retail,North-David,45129.05,39895.600000000006,5233.449999999997,11.596632324411873,2023,8,Aug,2023-08
1080,2023-08-21,David,South,5677.74,12,Electronics,2316.13,2525.27,Returning,0.12,Credit Card,Retail,South-David,30303.239999999998,27793.56,2509.6799999999967,8.2818866893441,2023,8,Aug,2023-08
1092,2023-08-22,David,East,6250.8,29,Clothing,1742.24,2070.52,New,0.12,Cash,Online,East-David,60045.08,50524.96,9520.120000000003,15.854954310994342,2023,8,Aug,2023-08
1036,2023-08-23,David,East,8167.9,25,Food,2520.97,2707.1099999999997,New,0.25,Cash,Retail,East-David,67677.74999999999,63024.24999999999,4653.499999999993,6.875967360025996,2023,8,Aug,2023-08
1027,2023-08-23,Bob,East,4036.36,4,Electronics,282.61,548.25,New,0.17,Credit Card,Online,East-Bob,2193.0,1130.44,1062.56,48.45234838121294,2023,8,Aug,2023-08
1080,2023-08-24,Bob,West,1493.95,17,Furniture,2742.67,2979.64,Returning,0.01,Cash,Retail,West-Bob,50653.88,46625.39,4028.489999999998,7.952974184800844,2023,8,Aug,2023-08
1075,2023-08-24,Charlie,West,2301.38,42,Clothing,967.77,1414.88,New,0.17,Bank Transfer,Online,West-Charlie,59424.96000000001,40646.34,18778.62000000001,31.600559764785718,2023,8,Aug,2023-08
1079,2023-08-24,Alice,North,9972.66,8,Clothing,3808.23,3891.62,Returning,0.26,Bank Transfer,Online,North-Alice,31132.96,30465.84,667.119999999999,2.142809421269288,2023,8,Aug,2023-08
1072,2023-08-24,Bob,South,2167.94,39,Clothing,4330.03,4467.75,New,0.02,Credit Card,Retail,South-Bob,174242.25,168871.16999999998,5371.080000000016,3.082535952101179,2023,8,Aug,2023-08
1089,2023-08-24,Eve,North,2528.99,4,Furniture,4231.75,4727.75,Returning,0.12,Credit Card,Retail,North-Eve,18911.0,16927.0,1984.0,10.491248479720799,2023,8,Aug,2023-08
1095,2023-08-24,Bob,West,2825.35,20,Food,729.27,999.18,New,0.1,Bank Transfer,Online,West-Bob,19983.6,14585.4,5398.199999999999,27.01315078364258,2023,8,Aug,2023-08
1041,2023-08-25,Bob,South,854.77,31,Food,1604.52,1756.34,Returning,0.17,Cash,Retail,South-Bob,54446.54,49740.12,4706.419999999998,8.644112187845176,2023,8,Aug,2023-08
1032,2023-08-25,Bob,North,8841.64,23,Electronics,4673.19,4761.179999999999,Returning,0.17,Credit Card,Retail,North-Bob,109507.13999999998,107483.37,2023.7699999999895,1.848071276448266,2023,8,Aug,2023-08
1072,2023-08-25,Charlie,South,2490.86,12,Food,1517.4,1545.02,New,0.03,Bank Transfer,Retail,South-Charlie,18540.239999999998,18208.800000000003,331.43999999999505,1.7876791238948098,2023,8,Aug,2023-08
1024,2023-08-25,David,South,1221.7,42,Electronics,1586.02,2047.13,New,0.25,Cash,Retail,South-David,85979.46,66612.84,19366.62000000001,22.524705319154144,2023,8,Aug,2023-08
1099,2023-08-26,David,West,1934.18,17,Food,2471.73,2568.73,New,0.05,Cash,Retail,West-David,43668.41,42019.41,1649.0,3.7761851187162527,2023,8,Aug,2023-08
1021,2023-08-27,Eve,North,671.55,19,Clothing,444.05,584.44,Returning,0.28,Cash,Retail,North-Eve,11104.36,8436.95,2667.41,24.021285332968308,2023,8,Aug,2023-08
1008,2023-08-27,David,South,4432.85,40,Clothing,2687.49,3001.56,Returning,0.26,Bank Transfer,Online,South-David,120062.4,107499.59999999999,12562.800000000003,10.463558949346343,2023,8,Aug,2023-08
1019,2023-08-27,Charlie,North,2558.92,18,Food,3591.14,3822.99,Returning,0.09,Credit Card,Online,North-Charlie,68813.81999999999,64640.52,4173.299999999996,6.064624809376948,2023,8,Aug,2023-08
1042,2023-08-29,Eve,South,3955.11,27,Clothing,1139.45,1454.41,Returning,0.3,Bank Transfer,Online,South-Eve,39269.07,30765.15,8503.919999999998,21.65551666998989,2023,8,Aug,2023-08
1099,2023-08-29,Alice,West,4567.81,44,Clothing,4933.11,5245.86,Returning,0.13,Bank Transfer,Retail,West-Alice,230817.84,217056.84,13761.0,5.961844197138315,2023,8,Aug,2023-08
1033,2023-08-30,Bob,East,6577.99,14,Food,504.3,735.95,Returning,0.21,Cash,Retail,East-Bob,10303.300000000001,7060.2,3243.1000000000013,31.476323119777167,2023,8,Aug,2023-08
1077,2023-08-30,Alice,West,8660.12,25,Electronics,61.5,258.91999999999996,New,0.17,Credit Card,Online,West-Alice,6472.999999999999,1537.5,4935.499999999999,76.24748957206859,2023,8,Aug,2023-08
1059,2023-08-31,Alice,North,1203.97,35,Food,3333.64,3764.52,Returning,0.02,Credit Card,Online,North-Alice,131758.2,116677.4,15080.800000000017,11.445815137122407,2023,8,Aug,2023-08
1026,2023-08-31,Alice,East,3784.52,25,Electronics,1156.88,1454.68,Returning,0.06,Credit Card,Online,East-Alice,36367.0,28922.000000000004,7444.999999999996,20.47185635328731,2023,8,Aug,2023-08
1028,2023-08-31,Eve,North,5403.0,28,Furniture,2055.28,2449.6400000000003,New,0.19,Credit Card,Online,North-Eve,68589.92000000001,57547.840000000004,11042.080000000009,16.098692052709794,2023,8,Aug,2023-08
1018,2023-08-31,Alice,East,2260.25,1,Electronics,2315.83,2333.19,New,0.01,Cash,Retail,East-Alice,2333.19,2315.83,17.360000000000127,0.744045705664782,2023,8,Aug,2023-08
1092,2023-08-31,Eve,South,9203.36,47,Food,4284.98,4462.4,New,0.28,Credit Card,Retail,South-Eve,209732.8,201394.05999999997,8338.74000000002,3.9758874148440397,2023,8,Aug,2023-08
1086,2023-09-01,Charlie,West,5437.04,17,Electronics,4075.08,4262.21,New,0.17,Cash,Online,West-Charlie,72457.57,69276.36,3181.2100000000064,4.3904453323510655,2023,9,Sep,2023-09
1019,2023-09-01,David,West,2550.84,16,Clothing,97.24,487.03,New,0.22,Bank Transfer,Retail,West-David,7792.48,1555.84,6236.639999999999,80.03408414266062,2023,9,Sep,2023-09
1058,2023-09-02,David,South,1142.92,9,Furniture,760.55,1086.89,Returning,0.15,Cash,Retail,South-David,9782.01,6844.95,2937.0600000000004,30.02511753719328,2023,9,Sep,2023-09
1055,2023-09-03,Charlie,West,7169.12,12,Electronics,2538.61,2971.75,Returning,0.24,Cash,Online,West-Charlie,35661.0,30463.32,5197.68,14.575250273407924,2023,9,Sep,2023-09
1023,2023-09-03,David,South,4285.01,32,Electronics,4775.04,4785.66,New,0.03,Cash,Online,South-David,153141.12,152801.28,339.8399999999965,0.22191296498288413,2023,9,Sep,2023-09
1081,2023-09-04,Alice,North,7215.52,23,Electronics,1236.25,1543.38,New,0.1,Bank Transfer,Online,North-Alice,35497.740000000005,28433.75,7063.990000000005,19.899830242714057,2023,9,Sep,2023-09
1068,2023-09-04,Eve,East,3905.11,14,Food,1140.58,1438.76,Returning,0.03,Bank Transfer,Online,East-Eve,20142.64,15968.119999999999,4174.52,20.72479079207095,2023,9,Sep,2023-09
1091,2023-09-04,Charlie,South,675.11,44,Food,2085.46,2406.58,Returning,0.06,Bank Transfer,Retail,South-Charlie,105889.51999999999,91760.24,14129.279999999984,13.343416798942883,2023,9,Sep,2023-09
1020,2023-09-06,Bob,East,1958.45,45,Clothing,2188.45,2255.0499999999997,New,0.11,Bank Transfer,Retail,East-Bob,101477.24999999999,98480.24999999999,2997.0,2.9533713221436337,2023,9,Sep,2023-09
1020,2023-09-06,Charlie,East,9705.55,4,Clothing,3730.0,3893.6,New,0.25,Bank Transfer,Retail,East-Charlie,15574.4,14920.0,654.3999999999996,4.201767002260117,2023,9,Sep,2023-09
1013,2023-09-07,Alice,West,7413.36,16,Furniture,919.58,1258.3000000000002,Returning,0.14,Bank Transfer,Online,West-Alice,20132.800000000003,14713.28,5419.520000000002,26.918858777715975,2023,9,Sep,2023-09
1067,2023-09-07,Bob,North,4716.36,37,Clothing,1754.32,1856.4,New,0.21,Bank Transfer,Retail,North-Bob,68686.8,64909.84,3776.9600000000064,5.498814910579625,2023,9,Sep,2023-09
1019,2023-09-07,Bob,West,6882.83,27,Electronics,2387.52,2604.06,Returning,0.16,Cash,Online,West-Bob,70309.62,64463.04,5846.5799999999945,8.315476601921608,2023,9,Sep,2023-09
1089,2023-09-08,Bob,West,5228.28,40,Furniture,4089.66,4275.96,New,0.23,Credit Card,Online,West-Bob,171038.4,163586.4,7452.0,4.356916341593467,2023,9,Sep,2023-09
1046,2023-09-08,Alice,North,8398.48,30,Furniture,320.73,678.04,Returning,0.08,Cash,Retail,North-Alice,20341.199999999997,9621.900000000001,10719.299999999996,52.697480974573764,2023,9,Sep,2023-09
1005,2023-09-08,Eve,North,7103.23,9,Electronics,4737.06,4869.5,New,0.07,Cash,Online,North-Eve,43825.5,42633.54,1191.9599999999991,2.7197864257110567,2023,9,Sep,2023-09
1020,2023-09-08,Eve,North,9733.47,26,Clothing,4472.35,4770.42,New,0.01,Credit Card,Retail,North-Eve,124030.92,116281.1,7749.819999999992,6.248296795669977,2023,9,Sep,2023-09
1087,2023-09-08,Charlie,North,119.72,20,Clothing,193.27,297.69,New,0.22,Cash,Online,North-Charlie,5953.8,3865.4,2088.4,35.07675770096409,2023,9,Sep,2023-09
1003,2023-09-11,David,East,9514.19,22,Food,4218.43,4331.42,New,0.26,Bank Transfer,Online,East-David,95291.24,92805.46,2485.779999999999,2.6086133415831285,2023,9,Sep,2023-09
1096,2023-09-11,Eve,South,7597.37,23,Electronics,608.57,1032.22,New,0.25,Cash,Retail,South-Eve,23741.06,13997.11,9743.95,41.04260719614036,2023,9,Sep,2023-09
1014,2023-09-12,Charlie,East,8406.07,48,Furniture,556.72,665.07,Returning,0.01,Bank Transfer,Retail,East-Charlie,31923.36,26722.56,5200.799999999999,16.2915181860556,2023,9,Sep,2023-09
1037,2023-09-13,Bob,South,2929.01,5,Furniture,1941.56,2385.48,Returning,0.15,Credit Card,Online,South-Bob,11927.4,9707.8,2219.6000000000004,18.60925264516995,2023,9,Sep,2023-09
1090,2023-09-14,Charlie,West,7122.28,47,Clothing,2357.95,2693.33,New,0.18,Bank Transfer,Online,West-Charlie,126586.51,110823.65,15762.86,12.452243133964275,2023,9,Sep,2023-09
1003,2023-09-14,Bob,West,3755.88,15,Clothing,3286.24,3388.8399999999997,Returning,0.09,Credit Card,Retail,West-Bob,50832.6,49293.6,1539.0,3.0275846602377214,2023,9,Sep,2023-09
1074,2023-09-14,David,South,8389.93,29,Furniture,173.67,565.62,Returning,0.3,Cash,Online,South-David,16402.98,5036.429999999999,11366.55,69.29564018245465,2023,9,Sep,2023-09
1001,2023-09-14,Eve,South,2126.33,39,Food,2437.26,2889.67,Returning,0.25,Cash,Online,South-Eve,112697.13,95053.14000000001,17643.98999999999,15.656112981759154,2023,9,Sep,2023-09
1054,2023-09-15,Bob,South,2509.63,16,Electronics,4557.79,5043.36,Returning,0.14,Credit Card,Retail,South-Bob,80693.76,72924.64,7769.119999999995,9.627906792297193,2023,9,Sep,2023-09
1012,2023-09-16,David,South,1916.08,19,Electronics,1427.42,1763.69,New,0.03,Cash,Retail,South-David,33510.11,27120.980000000003,6389.129999999997,19.06627581944672,2023,9,Sep,2023-09
1006,2023-09-16,Bob,North,8995.75,49,Food,2843.76,3146.6000000000004,New,0.08,Cash,Retail,North-Bob,154183.40000000002,139344.24000000002,14839.160000000003,9.624356448229836,2023,9,Sep,2023-09
1100,2023-09-17,Charlie,North,4795.12,17,Electronics,83.64,528.49,New,0.13,Credit Card,Online,North-Charlie,8984.33,1421.88,7562.45,84.17377812257564,2023,9,Sep,2023-09
1057,2023-09-18,Charlie,West,7315.73,25,Food,1821.91,2027.74,New,0.02,Bank Transfer,Retail,West-Charlie,50693.5,45547.75,5145.75,10.150709657056625,2023,9,Sep,2023-09
1093,2023-09-18,David,West,4040.25,19,Electronics,3808.59,3844.51,New,0.21,Credit Card,Online,West-David,73045.69,72363.21,682.4799999999959,0.9343193280808161,2023,9,Sep,2023-09
1006,2023-09-18,David,West,776.7,45,Furniture,1623.63,1814.63,New,0.29,Bank Transfer,Retail,West-David,81658.35,73063.35,8595.0,10.52556168475116,2023,9,Sep,2023-09
1085,2023-09-18,Eve,East,4716.47,40,Clothing,4083.23,4521.57,New,0.27,Bank Transfer,Retail,East-Eve,180862.8,163329.2,17533.599999999977,9.694420300913166,2023,9,Sep,2023-09
1008,2023-09-18,Charlie,South,7688.5,32,Food,921.32,1236.1,New,0.12,Credit Card,Online,South-Charlie,39555.2,29482.24,10072.959999999995,25.46557721867162,2023,9,Sep,2023-09
1025,2023-09-19,Alice,East,8564.24,26,Electronics,2007.32,2202.87,Returning,0.11,Cash,Online,East-Alice,57274.619999999995,52190.32,5084.299999999996,8.87705584078951,2023,9,Sep,2023-09
1037,2023-09-19,Alice,South,4606.2,17,Electronics,1308.58,1575.59,New,0.3,Cash,Online,South-Alice,26785.03,22245.86,4539.169999999998,16.946667597534887,2023,9,Sep,2023-09
1039,2023-09-19,Bob,South,4306.02,28,Clothing,666.84,817.36,Returning,0.02,Cash,Retail,South-Bob,22886.08,18671.52,4214.560000000001,18.415386121170602,2023,9,Sep,2023-09
1019,2023-09-19,Charlie,West,6705.4,45,Clothing,2590.64,3036.18,New,0.05,Bank Transfer,Retail,West-Charlie,136628.1,116578.79999999999,20049.300000000017,14.674360545158732,2023,9,Sep,2023-09
1097,2023-09-20,David,North,6759.76,45,Clothing,1525.13,1868.32,Returning,0.24,Cash,Retail,North-David,84074.4,68630.85,15443.549999999988,18.368908966344083,2023,9,Sep,2023-09
1062,2023-09-21,David,North,2994.59,37,Electronics,4658.44,4823.5,Returning,0.14,Credit Card,Online,North-David,178469.5,172362.28,6107.220000000001,3.4219964755882666,2023,9,Sep,2023-09
1076,2023-09-21,Bob,North,611.52,26,Electronics,1762.0,2002.95,Returning,0.29,Credit Card,Retail,North-Bob,52076.700000000004,45812.0,6264.700000000004,12.029756109738143,2023,9,Sep,2023-09
1084,2023-09-21,Eve,South,2813.31,36,Furniture,1458.77,1485.75,New,0.25,Credit Card,Online,South-Eve,53487.0,52515.72,971.2799999999988,1.8159178865892627,2023,9,Sep,2023-09
1061,2023-09-21,Charlie,South,9895.57,25,Food,2747.66,3027.01,New,0.23,Cash,Online,South-Charlie,75675.25,68691.5,6983.75,9.228578696469453,2023,9,Sep,2023-09
1015,2023-09-21,David,South,4631.23,30,Food,261.56,371.4,Returning,0.2,Bank Transfer,Retail,South-David,11142.0,7846.8,3295.2,29.57458266020463,2023,9,Sep,2023-09
1015,2023-09-22,David,South,9914.15,22,Electronics,4275.59,4576.72,Returning,0.02,Cash,Retail,South-David,100687.84000000001,94062.98000000001,6624.860000000001,6.579602859689909,2023,9,Sep,2023-09
1036,2023-09-23,Bob,North,3971.23,42,Furniture,3549.43,3967.69,New,0.14,Bank Transfer,Online,North-Bob,166642.98,149076.06,17566.920000000013,10.541650179323492,2023,9,Sep,2023-09
1093,2023-09-23,Charlie,North,9787.4,40,Furniture,1047.25,1075.89,New,0.28,Credit Card,Retail,North-Charlie,43035.600000000006,41890.0,1145.6000000000058,2.6619821728987296,2023,9,Sep,2023-09
1100,2023-09-23,Charlie,North,797.87,19,Electronics,1820.89,2257.92,New,0.12,Cash,Retail,North-Charlie,42900.48,34596.91,8303.57,19.355424461451246,2023,9,Sep,2023-09
1097,2023-09-24,Alice,East,5025.64,9,Food,4067.28,4548.09,Returning,0.12,Credit Card,Retail,East-Alice,40932.81,36605.520000000004,4327.289999999994,10.57169053382847,2023,9,Sep,2023-09
1089,2023-09-24,Bob,South,2975.99,48,Food,2246.67,2486.14,New,0.03,Cash,Retail,South-Bob,119334.72,107840.16,11494.559999999998,9.632200921911073,2023,9,Sep,2023-09
1005,2023-09-24,Eve,South,4453.43,6,Food,122.5,385.83,Returning,0.1,Cash,Retail,South-Eve,2314.98,735.0,1579.98,68.25026566104243,2023,9,Sep,2023-09
1015,2023-09-24,Bob,East,182.37,35,Clothing,3461.15,3631.75,Returning,0.27,Credit Card,Online,East-Bob,127111.25,121140.25,5971.0,4.697459902250981,2023,9,Sep,2023-09
1046,2023-09-24,Charlie,West,4695.96,41,Clothing,1825.37,2073.88,Returning,0.27,Cash,Retail,West-Charlie,85029.08,74840.17,10188.910000000003,11.982853395567732,2023,9,Sep,2023-09
1066,2023-09-25,Eve,East,7391.7,47,Food,1319.24,1805.56,New,0.26,Credit Card,Retail,East-Eve,84861.31999999999,62004.28,22857.039999999994,26.934579853341894,2023,9,Sep,2023-09
1039,2023-09-25,Eve,West,1143.39,37,Electronics,4127.05,4313.45,New,0.16,Cash,Online,West-Eve,159597.65,152700.85,6896.799999999988,4.321366887294386,2023,9,Sep,2023-09
1018,2023-09-26,David,East,5634.69,25,Furniture,739.63,1103.03,New,0.26,Bank Transfer,Retail,East-David,27575.75,18490.75,9085.0,32.9456134465971,2023,9,Sep,2023-09
1090,2023-09-26,Eve,North,7350.77,11,Electronics,210.33,552.29,Returning,0.18,Cash,Retail,North-Eve,6075.19,2313.63,3761.5599999999995,61.9167466367307,2023,9,Sep,2023-09
1006,2023-09-26,Bob,East,6954.35,14,Food,4503.73,4879.879999999999,New,0.24,Bank Transfer,Retail,East-Bob,68318.31999999999,63052.219999999994,5266.0999999999985,7.7081813487216895,2023,9,Sep,2023-09
1058,2023-09-27,Eve,West,1193.28,29,Electronics,3578.77,3635.02,New,0.2,Bank Transfer,Retail,West-Eve,105415.58,103784.33,1631.25,1.547446781585796,2023,9,Sep,2023-09
1088,2023-09-27,Eve,North,7106.44,12,Clothing,4389.24,4856.219999999999,Returning,0.15,Cash,Retail,North-Eve,58274.63999999999,52670.88,5603.759999999995,9.61612118067138,2023,9,Sep,2023-09
1047,2023-09-27,Eve,North,8657.89,32,Electronics,367.98,806.1400000000001,Returning,0.22,Credit Card,Retail,North-Eve,25796.480000000003,11775.36,14021.120000000003,54.3528419381249,2023,9,Sep,2023-09
1049,2023-09-28,Alice,West,5972.27,44,Furniture,3351.33,3465.35,Returning,0.12,Bank Transfer,Online,West-Alice,152475.4,147458.52,5016.880000000005,3.2902881382832936,2023,9,Sep,2023-09
1004,2023-09-28,Eve,South,4936.11,27,Clothing,4354.6,4820.200000000001,New,0.14,Credit Card,Retail,South-Eve,130145.40000000002,117574.20000000001,12571.200000000012,9.659350234430114,2023,9,Sep,2023-09
1036,2023-09-29,Bob,North,6116.75,7,Clothing,2588.67,2847.76,New,0.22,Cash,Retail,North-Bob,19934.32,18120.690000000002,1813.6299999999974,9.098027923701423,2023,9,Sep,2023-09
1048,2023-09-30,Charlie,North,7873.38,4,Furniture,2900.14,2910.51,New,0.22,Credit Card,Retail,North-Charlie,11642.04,11600.56,41.48000000000138,0.35629494487221636,2023,9,Sep,2023-09
1084,2023-09-30,Alice,East,9532.87,30,Food,169.0,381.92,Returning,0.26,Cash,Retail,East-Alice,11457.6,5070.0,6387.6,55.749895266024296,2023,9,Sep,2023-09
1023,2023-09-30,Charlie,North,8046.14,8,Furniture,1563.78,1829.16,Returning,0.15,Cash,Online,North-Charlie,14633.28,12510.24,2123.040000000001,14.50829889129437,2023,9,Sep,2023-09
1091,2023-10-01,Eve,East,3917.42,15,Electronics,1534.7,1972.62,Returning,0.06,Credit Card,Retail,East-Eve,29589.3,23020.5,6568.799999999999,22.199916861838567,2023,10,Oct,2023-10
1093,2023-10-01,Eve,East,1697.49,22,Electronics,2593.64,2955.51,Returning,0.0,Bank Transfer,Retail,East-Eve,65021.22,57060.079999999994,7961.140000000007,12.243910526440455,2023,10,Oct,2023-10
1077,2023-10-01,Alice,West,5405.76,5,Electronics,3650.89,3930.06,New,0.17,Bank Transfer,Online,West-Alice,19650.3,18254.45,1395.8499999999985,7.103453891289184,2023,10,Oct,2023-10
1053,2023-10-02,David,East,7724.57,29,Electronics,3741.3,4061.04,Returning,0.21,Credit Card,Online,East-David,117770.16,108497.70000000001,9272.459999999992,7.873352638732928,2023,10,Oct,2023-10
1093,2023-10-02,Bob,West,3747.64,43,Electronics,1486.76,1505.44,New,0.08,Cash,Retail,West-Bob,64733.920000000006,63930.68,803.2400000000052,1.240833244765658,2023,10,Oct,2023-10
1079,2023-10-04,Eve,East,942.52,12,Food,4754.02,5080.740000000001,New,0.2,Cash,Online,East-Eve,60968.880000000005,57048.240000000005,3920.6399999999994,6.430559327971908,2023,10,Oct,2023-10
1088,2023-10-04,Bob,East,6116.75,40,Electronics,4904.93,5034.35,New,0.1,Credit Card,Retail,East-Bob,201374.0,196197.2,5176.799999999988,2.570739022912585,2023,10,Oct,2023-10
1066,2023-10-05,Alice,South,3530.59,4,Furniture,4596.68,5044.740000000001,New,0.01,Bank Transfer,Online,South-Alice,20178.960000000003,18386.72,1792.2400000000016,8.881726312951715,2023,10,Oct,2023-10
1063,2023-10-05,Alice,South,7859.01,27,Food,2069.08,2246.24,New,0.06,Bank Transfer,Retail,South-Alice,60648.479999999996,55865.159999999996,4783.32,7.886957760524253,2023,10,Oct,2023-10
1051,2023-10-07,Bob,West,8047.83,3,Furniture,3434.75,3659.42,New,0.16,Cash,Online,West-Bob,10978.26,10304.25,674.0100000000002,6.139497515999805,2023,10,Oct,2023-10
1060,2023-10-07,Alice,South,6453.17,23,Electronics,647.7,902.26,New,0.17,Bank Transfer,Online,South-Alice,20751.98,14897.1,5854.879999999999,28.213596967614652,2023,10,Oct,2023-10
1032,2023-10-08,Eve,East,4095.65,11,Food,2025.67,2081.55,New,0.27,Bank Transfer,Online,East-Eve,22897.050000000003,22282.370000000003,614.6800000000003,2.684537964497611,2023,10,Oct,2023-10
1001,2023-10-08,Bob,West,8397.73,33,Furniture,2933.54,3307.75,Returning,0.01,Bank Transfer,Retail,West-Bob,109155.75,96806.81999999999,12348.930000000008,11.313128259390831,2023,10,Oct,2023-10
1052,2023-10-09,David,West,6757.36,41,Electronics,1509.98,1792.83,New,0.04,Cash,Retail,West-David,73506.03,61909.18,11596.849999999999,15.776732874840334,2023,10,Oct,2023-10
1062,2023-10-09,Bob,East,544.62,4,Electronics,1581.59,2034.15,Returning,0.21,Cash,Online,East-Bob,8136.6,6326.36,1810.2400000000007,22.248113462625675,2023,10,Oct,2023-10
1075,2023-10-09,Charlie,West,8239.58,18,Clothing,2228.35,2682.34,New,0.13,Bank Transfer,Online,West-Charlie,48282.12,40110.299999999996,8171.820000000007,16.925147445886815,2023,10,Oct,2023-10
1095,2023-10-09,David,North,8828.74,21,Clothing,621.05,820.3699999999999,Returning,0.24,Bank Transfer,Online,North-David,17227.769999999997,13042.05,4185.7199999999975,24.29635408413276,2023,10,Oct,2023-10
1001,2023-10-10,David,West,3780.07,18,Furniture,2602.6,3013.49,Returning,0.08,Bank Transfer,Online,West-David,54242.81999999999,46846.799999999996,7396.019999999997,13.635021188057697,2023,10,Oct,2023-10
1019,2023-10-11,Eve,South,2030.25,32,Electronics,2866.47,3286.47,New,0.09,Credit Card,Online,South-Eve,105167.04,91727.04,13440.0,12.779669371696684,2023,10,Oct,2023-10
1077,2023-10-12,David,South,628.15,23,Electronics,557.52,822.39,Returning,0.29,Credit Card,Online,South-David,18914.97,12822.96,6092.010000000002,32.207346879217894,2023,10,Oct,2023-10
1019,2023-10-12,Charlie,West,220.35,16,Clothing,4977.78,4995.55,New,0.25,Credit Card,Online,West-Charlie,79928.8,79644.48,284.320000000007,0.3557165877631179,2023,10,Oct,2023-10
1032,2023-10-12,Alice,North,3035.94,17,Clothing,1291.91,1528.59,Returning,0.11,Credit Card,Retail,North-Alice,25986.03,21962.47,4023.5599999999977,15.483550199857376,2023,10,Oct,2023-10
1010,2023-10-12,Charlie,North,9907.72,20,Furniture,4298.74,4475.19,Returning,0.16,Cash,Online,North-Charlie,89503.79999999999,85974.79999999999,3529.0,3.942849353882182,2023,10,Oct,2023-10
1052,2023-10-12,David,North,7444.77,46,Electronics,3136.42,3198.49,Returning,0.29,Cash,Retail,North-David,147130.53999999998,144275.32,2855.219999999972,1.9406032221454312,2023,10,Oct,2023-10
1089,2023-10-12,David,South,9813.07,25,Furniture,3512.69,3964.63,Returning,0.03,Credit Card,Retail,South-David,99115.75,87817.25,11298.5,11.399298295175084,2023,10,Oct,2023-10
1008,2023-10-13,Eve,West,1558.3,24,Electronics,1542.24,1739.45,Returning,0.21,Bank Transfer,Retail,West-Eve,41746.8,37013.76,4733.040000000001,11.337491735893531,2023,10,Oct,2023-10
1099,2023-10-13,Charlie,North,7614.15,14,Food,1996.64,2341.4700000000003,Returning,0.22,Credit Card,Online,North-Charlie,32780.58,27952.960000000003,4827.619999999999,14.727073163440057,2023,10,Oct,2023-10
1076,2023-10-14,Charlie,South,8674.35,23,Food,1727.78,1984.34,Returning,0.24,Bank Transfer,Online,South-Charlie,45639.82,39738.94,5900.879999999997,12.929235917231921,2023,10,Oct,2023-10
1002,2023-10-14,David,South,8951.53,39,Clothing,1004.71,1389.35,New,0.24,Bank Transfer,Online,South-David,54184.649999999994,39183.69,15000.959999999992,27.68488861697915,2023,10,Oct,2023-10
1099,2023-10-15,David,East,6807.56,39,Electronics,3592.89,4004.0,New,0.13,Cash,Online,East-David,156156.0,140122.71,16033.290000000008,10.267482517482522,2023,10,Oct,2023-10
1069,2023-10-15,Bob,West,1688.58,46,Food,3663.51,4007.980000000001,New,0.13,Cash,Online,West-Bob,184367.08000000005,168521.46000000002,15845.620000000024,8.594603765487863,2023,10,Oct,2023-10
1048,2023-10-15,Charlie,North,4510.86,42,Electronics,3139.99,3349.37,Returning,0.13,Credit Card,Retail,North-Charlie,140673.54,131879.58,8793.960000000021,6.251324876021476,2023,10,Oct,2023-10
1025,2023-10-15,David,North,3422.54,44,Food,1485.72,1717.97,New,0.02,Credit Card,Retail,North-David,75590.68000000001,65371.68,10219.000000000007,13.51886237827204,2023,10,Oct,2023-10
1035,2023-10-15,David,North,9476.2,1,Furniture,610.83,808.69,New,0.22,Credit Card,Online,North-David,808.69,610.83,197.86,24.466730143812836,2023,10,Oct,2023-10
1038,2023-10-15,David,West,8020.03,31,Clothing,2709.84,2766.51,New,0.19,Cash,Retail,West-David,85761.81000000001,84005.04000000001,1756.770000000004,2.0484292484032274,2023,10,Oct,2023-10
1090,2023-10-15,Charlie,South,9702.27,48,Electronics,4766.53,5253.07,Returning,0.01,Bank Transfer,Online,South-Charlie,252147.36,228793.44,23353.919999999984,9.262012499357512,2023,10,Oct,2023-10
1051,2023-10-16,Alice,West,7617.0,43,Clothing,287.99,666.64,Returning,0.0,Bank Transfer,Online,West-Alice,28665.52,12383.57,16281.95,56.799771990879634,2023,10,Oct,2023-10
1053,2023-10-16,Bob,North,2235.83,48,Furniture,121.19,487.65,New,0.18,Cash,Retail,North-Bob,23407.199999999997,5817.12,17590.079999999998,75.14815954065416,2023,10,Oct,2023-10
1063,2023-10-16,Charlie,North,9775.35,4,Clothing,1134.67,1201.39,New,0.3,Bank Transfer,Retail,North-Charlie,4805.56,4538.68,266.8800000000001,5.553567118088217,2023,10,Oct,2023-10
1055,2023-10-16,David,East,3093.95,46,Clothing,4173.52,4294.85,Returning,0.03,Bank Transfer,Retail,East-David,197563.1,191981.92,5581.179999999993,2.825011350803866,2023,10,Oct,2023-10
1061,2023-10-16,Eve,East,2227.64,37,Furniture,4651.77,4984.39,Returning,0.12,Cash,Retail,East-Eve,184422.43000000002,172115.49000000002,12306.940000000002,6.673233836036105,2023,10,Oct,2023-10
1015,2023-10-16,Charlie,North,7946.69,23,Food,2937.94,3007.53,Returning,0.03,Cash,Retail,North-Charlie,69173.19,67572.62,1600.570000000007,2.313858880875679,2023,10,Oct,2023-10
1016,2023-10-16,Eve,West,8786.95,11,Electronics,3094.57,3565.6000000000004,Returning,0.1,Credit Card,Retail,West-Eve,39221.600000000006,34040.270000000004,5181.330000000002,13.21039937177474,2023,10,Oct,2023-10
1089,2023-10-18,David,North,7405.38,15,Food,3841.05,4323.62,Returning,0.29,Credit Card,Retail,North-David,64854.299999999996,57615.75,7238.549999999996,11.16124913845342,2023,10,Oct,2023-10
1098,2023-10-18,Eve,West,1600.79,21,Furniture,725.03,828.9499999999999,New,0.18,Bank Transfer,Online,West-Eve,17407.949999999997,15225.63,2182.319999999998,12.536341154472517,2023,10,Oct,2023-10
1088,2023-10-18,Eve,West,177.63,16,Furniture,3016.9,3040.73,New,0.26,Bank Transfer,Retail,West-Eve,48651.68,48270.4,381.27999999999884,0.7836933894163548,2023,10,Oct,2023-10
1059,2023-10-18,Alice,North,5097.48,28,Electronics,224.32,715.06,Returning,0.01,Credit Card,Online,North-Alice,20021.68,6280.96,13740.720000000001,68.62920594076022,2023,10,Oct,2023-10
1089,2023-10-19,Eve,West,9933.22,23,Food,2120.54,2597.67,Returning,0.26,Credit Card,Retail,West-Eve,59746.41,48772.42,10973.990000000005,18.367614054133135,2023,10,Oct,2023-10
1049,2023-10-19,Eve,South,1966.55,30,Clothing,4697.44,4752.24,New,0.28,Credit Card,Online,South-Eve,142567.19999999998,140923.19999999998,1644.0,1.1531404137838157,2023,10,Oct,2023-10
1099,2023-10-20,David,South,7859.22,23,Clothing,93.45,181.62,Returning,0.3,Bank Transfer,Retail,South-David,4177.26,2149.35,2027.9100000000003,48.546415592996375,2023,10,Oct,2023-10
1096,2023-10-20,David,South,7051.25,10,Clothing,2927.02,3387.21,Returning,0.12,Cash,Retail,South-David,33872.1,29270.2,4601.899999999998,13.586107740588856,2023,10,Oct,2023-10
1086,2023-10-20,David,South,3577.07,32,Furniture,84.86,517.18,Returning,0.2,Credit Card,Retail,South-David,16549.76,2715.52,13834.239999999998,83.59178622529873,2023,10,Oct,2023-10
1013,2023-10-20,David,East,6095.82,46,Electronics,1648.8,1670.36,Returning,0.09,Credit Card,Retail,East-David,76836.56,75844.8,991.7599999999948,1.2907397207787477,2023,10,Oct,2023-10
1002,2023-10-20,David,North,5842.88,30,Clothing,4646.55,4784.28,Returning,0.1,Credit Card,Retail,North-David,143528.4,139396.5,4131.899999999994,2.8788030800872817,2023,10,Oct,2023-10
1043,2023-10-20,Charlie,South,5081.01,22,Food,530.04,759.3199999999999,Returning,0.17,Bank Transfer,Retail,South-Charlie,16705.039999999997,11660.88,5044.159999999998,30.1954380234947,2023,10,Oct,2023-10
1048,2023-10-20,Alice,South,9688.52,6,Electronics,3717.3,4061.37,New,0.03,Bank Transfer,Retail,South-Alice,24368.22,22303.800000000003,2064.4199999999983,8.47177184053656,2023,10,Oct,2023-10
1036,2023-10-20,David,North,6499.94,49,Clothing,1247.1,1429.4399999999998,New,0.16,Cash,Online,North-David,70042.56,61107.899999999994,8934.660000000003,12.756044325050375,2023,10,Oct,2023-10
1013,2023-10-21,David,East,5039.07,20,Electronics,1533.36,1649.7399999999998,Returning,0.1,Bank Transfer,Online,East-David,32994.799999999996,30667.199999999997,2327.5999999999985,7.054444942839474,2023,10,Oct,2023-10
1073,2023-10-21,Alice,West,1365.88,45,Furniture,2558.09,2958.55,New,0.08,Cash,Online,West-Alice,133134.75,115114.05,18020.699999999997,13.535684710415573,2023,10,Oct,2023-10
1060,2023-10-22,Bob,North,2661.25,11,Furniture,3648.04,4143.51,Returning,0.17,Credit Card,Retail,North-Bob,45578.61,40128.44,5450.169999999998,11.957736315346164,2023,10,Oct,2023-10
1012,2023-10-22,David,North,4384.88,34,Furniture,2462.55,2521.77,New,0.21,Bank Transfer,Retail,North-David,85740.18,83726.70000000001,2013.4799999999814,2.348350563294807,2023,10,Oct,2023-10
1099,2023-10-22,Bob,West,1514.14,43,Clothing,906.47,1283.04,New,0.24,Cash,Online,West-Bob,55170.72,38978.21,16192.510000000002,29.349825414640236,2023,10,Oct,2023-10
1057,2023-10-22,Eve,South,3297.97,40,Clothing,3233.37,3723.21,New,0.22,Bank Transfer,Retail,South-Eve,148928.4,129334.79999999999,19593.600000000006,13.156389244764602,2023,10,Oct,2023-10
1073,2023-10-23,Charlie,South,4650.68,45,Clothing,4369.5,4381.89,Returning,0.02,Credit Card,Retail,South-Charlie,197185.05000000002,196627.5,557.5500000000175,0.28275470173829986,2023,10,Oct,2023-10
1054,2023-10-23,David,East,4252.54,8,Food,4117.13,4177.06,Returning,0.25,Bank Transfer,Retail,East-David,33416.48,32937.04,479.4400000000023,1.4347411815966322,2023,10,Oct,2023-10
1054,2023-10-23,David,South,4392.47,48,Electronics,4325.02,4391.67,Returning,0.16,Credit Card,Retail,South-David,210800.16,207600.96000000002,3199.1999999999825,1.5176459069101194,2023,10,Oct,2023-10
1023,2023-10-23,David,South,9519.76,42,Food,309.78,350.38,Returning,0.19,Credit Card,Retail,South-David,14715.96,13010.759999999998,1705.2000000000007,11.587419373251903,2023,10,Oct,2023-10
1060,2023-10-23,Bob,West,6395.95,46,Clothing,1747.05,1830.27,New,0.15,Bank Transfer,Retail,West-Bob,84192.42,80364.3,3828.1199999999953,4.546870133914663,2023,10,Oct,2023-10
1087,2023-10-24,Bob,East,7825.62,28,Clothing,551.83,569.63,New,0.13,Credit Card,Retail,East-Bob,15949.64,15451.240000000002,498.3999999999978,3.1248354194828085,2023,10,Oct,2023-10
1026,2023-10-24,David,East,2044.55,45,Food,1741.66,2169.86,Returning,0.14,Credit Card,Online,East-David,97643.70000000001,78374.7,19269.000000000015,19.73399205478696,2023,10,Oct,2023-10
1097,2023-10-26,Alice,East,7633.98,27,Electronics,4686.79,5046.51,Returning,0.05,Credit Card,Retail,East-Alice,136255.77000000002,126543.33,9712.440000000017,7.12809446528394,2023,10,Oct,2023-10
1089,2023-10-27,David,North,7751.92,43,Furniture,3851.45,4186.98,Returning,0.3,Credit Card,Online,North-David,180040.13999999998,165612.35,14427.789999999979,8.01365184452755,2023,10,Oct,2023-10
1087,2023-10-27,Eve,North,1515.71,27,Food,3139.36,3423.6600000000003,New,0.18,Credit Card,Online,North-Eve,92438.82,84762.72,7676.100000000006,8.3039787829399,2023,10,Oct,2023-10
1079,2023-10-28,Bob,West,1558.03,38,Furniture,1127.76,1265.66,Returning,0.26,Bank Transfer,Retail,West-Bob,48095.08,42854.88,5240.200000000004,10.89550116144937,2023,10,Oct,2023-10
1091,2023-10-28,Bob,West,7611.28,39,Furniture,2184.49,2540.4199999999996,Returning,0.27,Bank Transfer,Online,West-Bob,99076.37999999999,85195.10999999999,13881.270000000004,14.010675400130692,2023,10,Oct,2023-10
1081,2023-10-28,Charlie,North,5571.36,23,Food,1411.37,1675.35,New,0.21,Cash,Retail,North-Charlie,38533.049999999996,32461.51,6071.539999999997,15.756707553645501,2023,10,Oct,2023-10
1033,2023-10-28,David,North,1115.42,43,Clothing,4781.42,4864.34,Returning,0.25,Bank Transfer,Online,North-David,209166.62,205601.06,3565.5599999999977,1.7046505795236342,2023,10,Oct,2023-10
1034,2023-10-29,David,North,8919.47,34,Food,978.15,1040.21,New,0.12,Credit Card,Retail,North-David,35367.14,33257.1,2110.040000000001,5.966102998433011,2023,10,Oct,2023-10
1017,2023-10-29,Eve,East,2141.9,1,Furniture,641.68,752.24,New,0.22,Bank Transfer,Online,East-Eve,752.24,641.68,110.56000000000006,14.697436988195264,2023,10,Oct,2023-10
1054,2023-10-29,David,West,4025.88,8,Clothing,3610.21,3817.99,Returning,0.15,Cash,Retail,West-David,30543.92,28881.68,1662.239999999998,5.442130545129761,2023,10,Oct,2023-10
1044,2023-10-29,Charlie,North,1996.77,11,Clothing,1812.66,2196.3,New,0.08,Cash,Online,North-Charlie,24159.300000000003,19939.260000000002,4220.040000000001,17.467559076628877,2023,10,Oct,2023-10
1019,2023-10-29,David,West,5952.19,31,Food,333.69,685.1,New,0.04,Bank Transfer,Online,West-David,21238.100000000002,10344.39,10893.710000000003,51.29324186250184,2023,10,Oct,2023-10
1053,2023-10-30,David,North,6033.09,1,Food,2258.44,2475.56,New,0.25,Cash,Online,North-David,2475.56,2258.44,217.1199999999999,8.770540806928528,2023,10,Oct,2023-10
1049,2023-10-30,Alice,East,2947.56,38,Food,4243.98,4474.509999999999,New,0.01,Credit Card,Online,East-Alice,170031.37999999998,161271.24,8760.139999999985,5.152072517437655,2023,10,Oct,2023-10
1029,2023-10-30,Eve,East,4333.25,16,Electronics,2572.8,2760.6000000000004,Returning,0.15,Credit Card,Retail,East-Eve,44169.600000000006,41164.8,3004.800000000003,6.802868941534455,2023,10,Oct,2023-10
1071,2023-10-30,Alice,West,189.48,22,Electronics,2701.39,3185.81,New,0.01,Bank Transfer,Online,West-Alice,70087.81999999999,59430.579999999994,10657.239999999998,15.205552120182936,2023,10,Oct,2023-10
1097,2023-10-30,Eve,West,6600.65,49,Electronics,4264.46,4315.52,New,0.07,Cash,Retail,West-Eve,211460.48,208958.54,2501.9400000000023,1.1831714370458264,2023,10,Oct,2023-10
1033,2023-10-31,Eve,East,7982.79,18,Furniture,3124.48,3553.27,Returning,0.12,Cash,Retail,East-Eve,63958.86,56240.64,7718.220000000001,12.067475874335473,2023,10,Oct,2023-10
1062,2023-11-01,Bob,East,3720.24,36,Food,1050.64,1167.3300000000002,New,0.22,Cash,Online,East-Bob,42023.880000000005,37823.04,4200.840000000004,9.996316380115314,2023,11,Nov,2023-11
1028,2023-11-01,Bob,East,7946.69,24,Food,911.11,1214.56,New,0.22,Bank Transfer,Online,East-Bob,29149.44,21866.64,7282.799999999999,24.984356474772756,2023,11,Nov,2023-11
1026,2023-11-01,Alice,South,7895.13,36,Clothing,3067.05,3386.33,New,0.2,Bank Transfer,Online,South-Alice,121907.88,110413.8,11494.080000000002,9.428496336742139,2023,11,Nov,2023-11
1096,2023-11-01,Bob,South,8718.22,17,Food,2774.24,3069.9399999999996,Returning,0.23,Bank Transfer,Retail,South-Bob,52188.979999999996,47162.079999999994,5026.9000000000015,9.632110073812521,2023,11,Nov,2023-11
1009,2023-11-01,Bob,South,7172.8,14,Food,547.79,958.76,Returning,0.07,Credit Card,Retail,South-Bob,13422.64,7669.0599999999995,5753.58,42.864741958362885,2023,11,Nov,2023-11
1093,2023-11-01,Charlie,North,664.09,46,Clothing,401.64,757.26,New,0.21,Credit Card,Retail,North-Charlie,34833.96,18475.44,16358.52,46.96141351715396,2023,11,Nov,2023-11
1069,2023-11-02,Charlie,North,6283.68,23,Furniture,530.24,987.41,Returning,0.23,Credit Card,Online,North-Charlie,22710.43,12195.52,10514.91,46.299915941706075,2023,11,Nov,2023-11
1028,2023-11-03,Alice,North,5755.48,38,Clothing,1234.69,1511.26,New,0.1,Bank Transfer,Online,North-Alice,57427.88,46918.22,10509.659999999996,18.30062332093749,2023,11,Nov,2023-11
1058,2023-11-03,David,West,4050.45,42,Clothing,3600.95,3702.84,Returning,0.01,Cash,Retail,West-David,155519.28,151239.9,4279.380000000005,2.7516716898380733,2023,11,Nov,2023-11
1075,2023-11-05,Bob,East,8127.7,37,Food,1675.51,1906.64,New,0.13,Bank Transfer,Online,East-Bob,70545.68000000001,61993.87,8551.810000000005,12.122372340871907,2023,11,Nov,2023-11
1086,2023-11-05,Alice,South,2928.5,10,Furniture,2273.91,2578.7999999999997,New,0.14,Cash,Online,South-Alice,25787.999999999996,22739.1,3048.899999999998,11.822940902745456,2023,11,Nov,2023-11
1087,2023-11-05,Eve,East,2106.06,30,Electronics,698.74,882.28,Returning,0.15,Credit Card,Online,East-Eve,26468.399999999998,20962.2,5506.199999999997,20.802919708029187,2023,11,Nov,2023-11
1065,2023-11-05,Alice,East,9519.16,3,Furniture,4173.04,4362.44,New,0.23,Bank Transfer,Retail,East-Alice,13087.32,12519.119999999999,568.2000000000007,4.341606990583257,2023,11,Nov,2023-11
1072,2023-11-05,David,West,5969.12,39,Clothing,591.98,934.04,New,0.26,Bank Transfer,Retail,West-David,36427.56,23087.22,13340.339999999997,36.621557963256386,2023,11,Nov,2023-11
1062,2023-11-06,David,East,2605.71,25,Food,2361.05,2616.19,New,0.3,Bank Transfer,Retail,East-David,65404.75,59026.25000000001,6378.499999999993,9.752349791108433,2023,11,Nov,2023-11
1088,2023-11-06,David,South,6772.54,8,Food,1786.35,1935.29,New,0.04,Cash,Online,South-David,15482.32,14290.8,1191.5200000000004,7.696004216422347,2023,11,Nov,2023-11
1006,2023-11-06,Bob,South,189.64,22,Food,834.32,1098.97,Returning,0.17,Cash,Online,South-Bob,24177.34,18355.04,5822.299999999999,24.081640081166906,2023,11,Nov,2023-11
1071,2023-11-06,David,North,7262.09,47,Food,3942.34,4142.09,Returning,0.03,Credit Card,Retail,North-David,194678.23,185289.98,9388.25,4.82244470786487,2023,11,Nov,2023-11
1089,2023-11-07,Bob,West,2945.36,47,Furniture,4157.62,4314.5599999999995,New,0.17,Bank Transfer,Retail,West-Bob,202784.31999999998,195408.13999999998,7376.179999999993,3.6374508640510244,2023,11,Nov,2023-11
1095,2023-11-07,Charlie,West,6970.1,32,Clothing,4266.64,4523.360000000001,New,0.3,Bank Transfer,Retail,West-Charlie,144747.52000000002,136532.48,8215.040000000008,5.6754271161260705,2023,11,Nov,2023-11
1098,2023-11-07,Alice,West,3166.9,31,Food,2407.8,2502.76,Returning,0.27,Cash,Retail,West-Alice,77585.56000000001,74641.8,2943.7600000000093,3.794211190845318,2023,11,Nov,2023-11
1057,2023-11-07,Bob,East,7084.06,26,Clothing,1291.82,1308.4399999999998,Returning,0.07,Credit Card,Online,East-Bob,34019.439999999995,33587.32,432.11999999999534,1.2702149124147706,2023,11,Nov,2023-11
1052,2023-11-08,Charlie,East,2072.78,18,Furniture,3271.62,3722.38,Returning,0.19,Bank Transfer,Retail,East-Charlie,67002.84,58889.159999999996,8113.68,12.1094568528737,2023,11,Nov,2023-11
1059,2023-11-08,David,South,8466.7,17,Clothing,1780.14,2185.42,Returning,0.15,Credit Card,Retail,South-David,37152.14,30262.38,6889.759999999998,18.54471909289747,2023,11,Nov,2023-11
1016,2023-11-09,Charlie,South,3402.92,24,Furniture,88.44,338.94,New,0.29,Cash,Online,South-Charlie,8134.5599999999995,2122.56,6012.0,73.90688617454417,2023,11,Nov,2023-11
1038,2023-11-09,David,East,6966.82,1,Food,1281.65,1709.71,Returning,0.14,Credit Card,Online,East-David,1709.71,1281.65,428.05999999999995,25.036994578027848,2023,11,Nov,2023-11
1014,2023-11-09,David,North,6016.92,9,Electronics,132.47,316.39,New,0.14,Credit Card,Online,North-David,2847.5099999999998,1192.23,1655.2799999999997,58.130787951578746,2023,11,Nov,2023-11
1032,2023-11-09,Bob,East,804.47,25,Electronics,2934.3,3337.4,Returning,0.25,Credit Card,Retail,East-Bob,83435.0,73357.5,10077.5,12.078264517288908,2023,11,Nov,2023-11
1033,2023-11-09,David,East,7370.99,6,Clothing,1621.07,1687.5,Returning,0.12,Credit Card,Online,East-David,10125.0,9726.42,398.5799999999999,3.9365925925925915,2023,11,Nov,2023-11
1090,2023-11-10,Alice,North,3349.51,16,Clothing,2183.37,2263.3599999999997,Returning,0.0,Bank Transfer,Retail,North-Alice,36213.759999999995,34933.92,1279.8399999999965,3.5341262547716576,2023,11,Nov,2023-11
1019,2023-11-10,Bob,East,7632.43,33,Furniture,1362.31,1486.29,Returning,0.18,Credit Card,Retail,East-Bob,49047.57,44956.229999999996,4091.340000000004,8.341575331866602,2023,11,Nov,2023-11
1024,2023-11-11,Eve,West,6607.8,21,Food,622.01,641.09,Returning,0.0,Bank Transfer,Retail,West-Eve,13462.890000000001,13062.21,400.6800000000021,2.976181191408398,2023,11,Nov,2023-11
1080,2023-11-11,Alice,East,3602.51,32,Electronics,3414.54,3753.83,New,0.22,Cash,Retail,East-Alice,120122.56,109265.28,10857.279999999999,9.038502009947173,2023,11,Nov,2023-11
1070,2023-11-12,Bob,South,7448.31,9,Electronics,310.24,451.81,Returning,0.1,Cash,Retail,South-Bob,4066.29,2792.16,1274.13,31.333967818330716,2023,11,Nov,2023-11
1001,2023-11-12,Alice,North,715.81,8,Electronics,3657.91,3729.27,New,0.09,Bank Transfer,Retail,North-Alice,29834.16,29263.28,570.880000000001,1.9135112233761604,2023,11,Nov,2023-11
1062,2023-11-12,Eve,South,8681.03,9,Electronics,1468.05,1838.21,New,0.15,Bank Transfer,Retail,South-Eve,16543.89,13212.449999999999,3331.4400000000005,20.13698108485973,2023,11,Nov,2023-11
1005,2023-11-12,Eve,East,2191.2,28,Clothing,3592.32,3813.48,New,0.07,Credit Card,Retail,East-Eve,106777.44,100584.96,6192.479999999996,5.799427294754394,2023,11,Nov,2023-11
1050,2023-11-13,Alice,North,4638.47,28,Food,1711.63,1951.24,New,0.22,Cash,Online,North-Alice,54634.72,47925.64,6709.080000000002,12.27988356122261,2023,11,Nov,2023-11
1012,2023-11-14,Eve,North,519.98,6,Clothing,3609.42,4082.62,Returning,0.3,Bank Transfer,Retail,North-Eve,24495.72,21656.52,2839.2000000000007,11.59059623477081,2023,11,Nov,2023-11
1090,2023-11-14,Bob,East,6575.91,1,Clothing,60.28,260.73,Returning,0.17,Cash,Online,East-Bob,260.73,60.28,200.45000000000002,76.88029762589652,2023,11,Nov,2023-11
1068,2023-11-14,Charlie,West,3607.29,42,Clothing,1218.18,1566.36,Returning,0.03,Credit Card,Retail,West-Charlie,65787.12,51163.560000000005,14623.55999999999,22.228606450624362,2023,11,Nov,2023-11
1033,2023-11-14,David,South,4011.8,23,Furniture,2981.5,3360.4,Returning,0.22,Bank Transfer,Retail,South-David,77289.2,68574.5,8714.699999999997,11.275443399595284,2023,11,Nov,2023-11
1085,2023-11-14,Charlie,South,2038.75,32,Furniture,1074.93,1492.48,Returning,0.04,Credit Card,Retail,South-Charlie,47759.36,34397.76,13361.599999999999,27.976924313893647,2023,11,Nov,2023-11
1012,2023-11-14,David,North,4976.43,14,Electronics,1185.5,1271.45,Returning,0.03,Bank Transfer,Retail,North-David,17800.3,16597.0,1203.2999999999993,6.7599984269928,2023,11,Nov,2023-11
1001,2023-11-14,David,North,4944.99,36,Furniture,666.84,682.24,New,0.16,Bank Transfer,Retail,North-David,24560.64,24006.24,554.3999999999978,2.2572701688555257,2023,11,Nov,2023-11
1092,2023-11-14,Eve,East,6528.29,28,Clothing,3936.69,4362.51,Returning,0.07,Credit Card,Retail,East-Eve,122150.28,110227.32,11922.959999999992,9.760894530900782,2023,11,Nov,2023-11
1092,2023-11-15,David,East,499.47,47,Electronics,3034.32,3375.79,New,0.28,Credit Card,Online,East-David,158662.13,142613.04,16049.089999999997,10.115261909064246,2023,11,Nov,2023-11
1036,2023-11-15,Bob,West,7316.91,19,Furniture,2844.97,3215.0,Returning,0.09,Credit Card,Retail,West-Bob,61085.0,54054.42999999999,7030.570000000007,11.509486780715408,2023,11,Nov,2023-11
1032,2023-11-15,Alice,West,9413.77,1,Food,651.0,865.76,Returning,0.09,Bank Transfer,Retail,West-Alice,865.76,651.0,214.76,24.80595084087969,2023,11,Nov,2023-11
1030,2023-11-15,Eve,East,6951.53,24,Clothing,1370.52,1482.58,Returning,0.2,Credit Card,Retail,East-Eve,35581.92,32892.479999999996,2689.4400000000023,7.558445412726471,2023,11,Nov,2023-11
1100,2023-11-15,Eve,East,672.66,2,Furniture,1036.76,1189.35,New,0.27,Bank Transfer,Online,East-Eve,2378.7,2073.52,305.17999999999984,12.82969689326102,2023,11,Nov,2023-11
1051,2023-11-15,Alice,North,4703.59,23,Electronics,1676.42,2082.52,New,0.15,Bank Transfer,Retail,North-Alice,47897.96,38557.66,9340.299999999996,19.50041296122005,2023,11,Nov,2023-11
1088,2023-11-16,Eve,North,8518.45,13,Furniture,2440.11,2517.6,New,0.23,Bank Transfer,Retail,North-Eve,32728.8,31721.43,1007.369999999999,3.0779313632030476,2023,11,Nov,2023-11
1051,2023-11-16,Bob,West,803.25,31,Furniture,144.88,175.29,New,0.07,Bank Transfer,Online,West-Bob,5433.99,4491.28,942.71,17.348394089794056,2023,11,Nov,2023-11
1073,2023-11-16,David,South,7026.43,48,Clothing,2658.9,2838.27,New,0.25,Credit Card,Online,South-David,136236.96,127627.20000000001,8609.75999999998,6.319694743629027,2023,11,Nov,2023-11
1041,2023-11-16,David,South,3942.84,40,Food,601.86,1067.53,New,0.18,Cash,Online,South-David,42701.2,24074.4,18626.799999999996,43.6212565454835,2023,11,Nov,2023-11
1015,2023-11-16,Eve,East,2673.06,1,Furniture,2928.74,3027.74,New,0.15,Bank Transfer,Retail,East-Eve,3027.74,2928.74,99.0,3.2697655677171755,2023,11,Nov,2023-11
1078,2023-11-16,David,East,113.4,8,Furniture,3459.61,3657.23,Returning,0.03,Bank Transfer,Online,East-David,29257.84,27676.88,1580.9599999999991,5.403543118699122,2023,11,Nov,2023-11
1062,2023-11-17,Charlie,North,4790.72,28,Clothing,2094.88,2168.9100000000003,Returning,0.08,Cash,Retail,North-Charlie,60729.48000000001,58656.64,2072.840000000011,3.4132352195342537,2023,11,Nov,2023-11
1100,2023-11-17,Bob,East,7883.44,13,Food,366.2,732.69,New,0.04,Cash,Retail,East-Bob,9524.970000000001,4760.599999999999,4764.370000000002,50.01979008857772,2023,11,Nov,2023-11
1062,2023-11-18,Alice,East,291.34,12,Furniture,1088.99,1545.0,Returning,0.04,Bank Transfer,Retail,East-Alice,18540.0,13067.880000000001,5472.119999999999,29.515210355987048,2023,11,Nov,2023-11
1004,2023-11-18,Alice,East,7211.48,1,Food,182.99,211.18,Returning,0.27,Bank Transfer,Retail,East-Alice,211.18,182.99,28.189999999999998,13.348801969883512,2023,11,Nov,2023-11
1040,2023-11-19,David,North,6601.62,47,Electronics,2189.54,2617.0,New,0.01,Bank Transfer,Online,North-David,122999.0,102908.38,20090.619999999995,16.33397019487963,2023,11,Nov,2023-11
1033,2023-11-19,David,North,349.41,37,Electronics,2600.76,2937.57,New,0.17,Credit Card,Retail,North-David,108690.09000000001,96228.12000000001,12461.970000000001,11.465599117638048,2023,11,Nov,2023-11
1045,2023-11-19,Bob,North,1649.12,2,Electronics,912.08,993.24,Returning,0.09,Credit Card,Online,North-Bob,1986.48,1824.16,162.31999999999994,8.171237565945791,2023,11,Nov,2023-11
1036,2023-11-20,Alice,East,5454.96,32,Clothing,700.49,1126.52,New,0.29,Credit Card,Retail,East-Alice,36048.64,22415.68,13632.96,37.81823669353407,2023,11,Nov,2023-11
1012,2023-11-20,Bob,North,5858.06,1,Food,4190.83,4528.7699999999995,Returning,0.22,Bank Transfer,Online,North-Bob,4528.7699999999995,4190.83,337.9399999999996,7.462070275151965,2023,11,Nov,2023-11
1084,2023-11-20,Bob,South,2396.98,15,Furniture,3420.72,3513.74,New,0.02,Cash,Online,South-Bob,52706.1,51310.799999999996,1395.300000000003,2.6473216572654836,2023,11,Nov,2023-11
1090,2023-11-20,Alice,West,267.78,32,Electronics,2678.99,3152.2799999999997,Returning,0.22,Cash,Retail,West-Alice,100872.95999999999,85727.68,15145.279999999999,15.014211935487964,2023,11,Nov,2023-11
1028,2023-11-20,Alice,East,388.78,5,Food,734.92,991.21,Returning,0.21,Credit Card,Online,East-Alice,4956.05,3674.6,1281.4500000000003,25.856276671946414,2023,11,Nov,2023-11
1093,2023-11-22,Charlie,North,862.1,22,Furniture,3285.25,3634.58,New,0.13,Bank Transfer,Online,North-Charlie,79960.76,72275.5,7685.259999999995,9.611289337419999,2023,11,Nov,2023-11
1014,2023-11-22,David,West,9762.54,17,Food,3184.65,3204.01,New,0.2,Bank Transfer,Online,West-David,54468.170000000006,54139.05,329.1200000000026,0.6042428082309403,2023,11,Nov,2023-11
1058,2023-11-22,Alice,West,8085.98,15,Clothing,894.48,1336.37,Returning,0.26,Cash,Retail,West-Alice,20045.55,13417.2,6628.3499999999985,33.06644118021206,2023,11,Nov,2023-11
1016,2023-11-23,Eve,East,5490.52,26,Clothing,4906.85,4954.39,New,0.25,Bank Transfer,Online,East-Eve,128814.14000000001,127578.1,1236.0400000000081,0.9595530428569473,2023,11,Nov,2023-11
1071,2023-11-24,Alice,West,8049.72,12,Food,4317.95,4636.59,New,0.18,Credit Card,Retail,West-Alice,55639.08,51815.399999999994,3823.6800000000076,6.872291921433653,2023,11,Nov,2023-11
1072,2023-11-24,Alice,East,5511.11,25,Clothing,481.19,693.4,New,0.27,Credit Card,Retail,East-Alice,17335.0,12029.75,5305.25,30.60426882030574,2023,11,Nov,2023-11
1065,2023-11-24,Bob,East,9183.11,18,Food,1239.09,1273.98,New,0.02,Bank Transfer,Retail,East-Bob,22931.64,22303.62,628.0200000000004,2.7386615174492555,2023,11,Nov,2023-11
1021,2023-11-24,Eve,North,213.04,15,Food,3771.27,4212.55,Returning,0.16,Credit Card,Retail,North-Eve,63188.25,56569.05,6619.199999999997,10.475365277563467,2023,11,Nov,2023-11
1022,2023-11-24,Eve,West,8906.24,29,Furniture,479.58,909.88,Returning,0.13,Credit Card,Retail,West-Eve,26386.52,13907.82,12478.7,47.29195058689058,2023,11,Nov,2023-11
1003,2023-11-24,Eve,East,5215.31,11,Food,3706.78,3862.26,New,0.22,Credit Card,Retail,East-Eve,42484.86,40774.58,1710.2799999999988,4.025622304039601,2023,11,Nov,2023-11
1024,2023-11-24,Alice,South,3633.17,22,Food,4691.32,4752.88,Returning,0.07,Bank Transfer,Retail,South-Alice,104563.36,103209.04,1354.320000000007,1.2952146908821665,2023,11,Nov,2023-11
1095,2023-11-25,Alice,East,9432.97,37,Electronics,407.77,860.95,New,0.1,Credit Card,Retail,East-Alice,31855.15,15087.49,16767.660000000003,52.63720308961032,2023,11,Nov,2023-11
1074,2023-11-25,Eve,North,3570.15,42,Furniture,2120.81,2611.94,Returning,0.23,Cash,Online,North-Eve,109701.48,89074.02,20627.459999999992,18.803265006087422,2023,11,Nov,2023-11
1030,2023-11-26,Alice,West,8727.0,39,Electronics,2041.75,2299.37,Returning,0.24,Bank Transfer,Retail,West-Alice,89675.43,79628.25,10047.179999999993,11.203938470102672,2023,11,Nov,2023-11
1043,2023-11-26,Bob,South,1710.73,3,Electronics,2009.1,2186.42,New,0.25,Bank Transfer,Online,South-Bob,6559.26,6027.299999999999,531.960000000001,8.110061195927603,2023,11,Nov,2023-11
1070,2023-11-26,David,North,5813.51,40,Furniture,3089.96,3258.45,New,0.29,Cash,Online,North-David,130338.0,123598.4,6739.600000000006,5.170863447344601,2023,11,Nov,2023-11
1095,2023-11-26,Charlie,West,8231.74,7,Food,4257.24,4355.87,Returning,0.03,Bank Transfer,Online,West-Charlie,30491.09,29800.68,690.4099999999999,2.26430081705836,2023,11,Nov,2023-11
1051,2023-11-26,Eve,South,6339.45,8,Food,3970.37,4257.5199999999995,New,0.11,Cash,Retail,South-Eve,34060.159999999996,31762.96,2297.199999999997,6.744536725605508,2023,11,Nov,2023-11
1021,2023-11-27,Alice,South,6483.84,31,Furniture,2254.99,2441.79,Returning,0.24,Bank Transfer,Online,South-Alice,75695.49,69904.68999999999,5790.8000000000175,7.6501255226698675,2023,11,Nov,2023-11
1005,2023-11-28,David,West,152.6,43,Furniture,1200.4,1430.45,New,0.08,Bank Transfer,Retail,West-David,61509.35,51617.200000000004,9892.149999999994,16.08235170750462,2023,11,Nov,2023-11
1089,2023-11-28,David,West,8719.62,8,Furniture,4349.34,4629.9800000000005,Returning,0.01,Credit Card,Online,West-David,37039.840000000004,34794.72,2245.1200000000026,6.061365275875928,2023,11,Nov,2023-11
1044,2023-11-28,Charlie,West,4860.81,6,Electronics,3703.93,3840.24,New,0.07,Credit Card,Online,West-Charlie,23041.44,22223.579999999998,817.8600000000006,3.549517738474681,2023,11,Nov,2023-11
1002,2023-11-29,David,North,333.59,24,Furniture,3305.94,3599.27,New,0.09,Credit Card,Retail,North-David,86382.48,79342.56,7039.919999999998,8.14970813526076,2023,11,Nov,2023-11
1086,2023-11-29,Bob,West,5127.27,7,Food,737.9,1182.0,New,0.23,Credit Card,Retail,West-Bob,8274.0,5165.3,3108.7,37.57191201353638,2023,11,Nov,2023-11
1082,2023-11-30,Alice,South,6261.9,41,Electronics,1196.42,1444.97,Returning,0.21,Bank Transfer,Online,South-Alice,59243.770000000004,49053.22,10190.550000000003,17.2010491567299,2023,11,Nov,2023-11
1096,2023-12-01,Bob,East,2962.96,20,Furniture,1994.9,2066.5,Returning,0.06,Bank Transfer,Online,East-Bob,41330.0,39898.0,1432.0,3.464795548028067,2023,12,Dec,2023-12
1073,2023-12-01,David,West,5238.42,40,Furniture,2565.3,3007.4700000000003,Returning,0.17,Credit Card,Retail,West-David,120298.80000000002,102612.0,17686.800000000017,14.70239104629474,2023,12,Dec,2023-12
1055,2023-12-01,Charlie,West,4102.47,8,Furniture,3513.0,3838.42,Returning,0.13,Bank Transfer,Online,West-Charlie,30707.36,28104.0,2603.3600000000006,8.477967497043055,2023,12,Dec,2023-12
1100,2023-12-01,Alice,East,1387.8,34,Furniture,4991.09,5402.28,Returning,0.0,Cash,Retail,East-Alice,183677.52,169697.06,13980.459999999992,7.611415920685337,2023,12,Dec,2023-12
1077,2023-12-02,David,East,1960.41,24,Electronics,2258.54,2439.49,Returning,0.2,Credit Card,Retail,East-David,58547.759999999995,54204.96,4342.799999999996,7.417533992760775,2023,12,Dec,2023-12
1011,2023-12-03,Bob,East,8186.12,13,Electronics,1442.69,1882.57,Returning,0.28,Cash,Online,East-Bob,24473.41,18754.97,5718.439999999999,23.365930616125823,2023,12,Dec,2023-12
1092,2023-12-03,David,East,719.01,6,Clothing,422.74,737.49,Returning,0.19,Credit Card,Retail,East-David,4424.9400000000005,2536.44,1888.5000000000005,42.67854479382772,2023,12,Dec,2023-12
1069,2023-12-03,David,North,6521.53,35,Electronics,2885.16,3224.8399999999997,New,0.14,Cash,Online,North-David,112869.4,100980.59999999999,11888.800000000003,10.53323575743293,2023,12,Dec,2023-12
1063,2023-12-04,David,South,2186.85,14,Clothing,2188.35,2605.3599999999997,Returning,0.2,Credit Card,Retail,South-David,36475.03999999999,30636.899999999998,5838.139999999996,16.00584947953449,2023,12,Dec,2023-12
1014,2023-12-04,Bob,West,758.99,49,Furniture,493.35,799.27,New,0.1,Bank Transfer,Online,West-Bob,39164.229999999996,24174.15,14990.079999999994,38.27492586985623,2023,12,Dec,2023-12
1094,2023-12-05,Eve,East,8264.96,12,Furniture,333.32,700.25,Returning,0.14,Cash,Online,East-Eve,8403.0,3999.84,4403.16,52.39985719385933,2023,12,Dec,2023-12
1008,2023-12-05,Charlie,East,9583.55,27,Electronics,68.99,429.29,Returning,0.18,Credit Card,Retail,East-Charlie,11590.83,1862.7299999999998,9728.1,83.92927857625382,2023,12,Dec,2023-12
1073,2023-12-06,Alice,North,2273.58,31,Food,4368.97,4696.85,Returning,0.25,Bank Transfer,Retail,North-Alice,145602.35,135438.07,10164.279999999999,6.980848866793702,2023,12,Dec,2023-12
1085,2023-12-06,Eve,North,397.26,42,Electronics,3117.75,3159.88,New,0.04,Cash,Retail,North-Eve,132714.96,130945.5,1769.4599999999919,1.3332784789295735,2023,12,Dec,2023-12
1099,2023-12-07,Bob,East,3043.18,22,Furniture,2471.67,2533.04,Returning,0.02,Bank Transfer,Retail,East-Bob,55726.88,54376.740000000005,1350.1399999999921,2.4227805324826943,2023,12,Dec,2023-12
1031,2023-12-08,David,North,7567.06,22,Food,4236.05,4382.320000000001,New,0.2,Bank Transfer,Online,North-David,96411.04000000001,93193.1,3217.9400000000023,3.337729786962159,2023,12,Dec,2023-12
1008,2023-12-08,Alice,South,3197.78,49,Electronics,2907.22,3385.6099999999997,New,0.13,Cash,Online,South-Alice,165894.88999999998,142453.78,23441.109999999986,14.13009767811413,2023,12,Dec,2023-12
1095,2023-12-08,Eve,East,3801.82,4,Clothing,3191.05,3555.3500000000004,New,0.28,Credit Card,Online,East-Eve,14221.400000000001,12764.2,1457.2000000000007,10.246529877508548,2023,12,Dec,2023-12
1062,2023-12-10,David,West,3979.41,11,Electronics,1190.08,1292.9399999999998,Returning,0.13,Cash,Retail,West-David,14222.339999999998,13090.88,1131.4599999999991,7.955512243414228,2023,12,Dec,2023-12
1036,2023-12-10,David,North,9989.04,7,Food,2882.25,3163.7,Returning,0.05,Cash,Retail,North-David,22145.899999999998,20175.75,1970.1499999999978,8.896229098839957,2023,12,Dec,2023-12
1020,2023-12-10,Bob,North,9671.77,45,Electronics,4268.45,4551.599999999999,New,0.08,Bank Transfer,Online,North-Bob,204821.99999999997,192080.25,12741.74999999997,6.220889357588527,2023,12,Dec,2023-12
1098,2023-12-10,Eve,East,3419.26,28,Electronics,3895.62,4055.44,New,0.03,Bank Transfer,Retail,East-Eve,113552.32,109077.36,4474.960000000006,3.9408794113585754,2023,12,Dec,2023-12
1037,2023-12-10,Bob,North,6351.05,32,Electronics,2594.08,3074.59,New,0.14,Cash,Retail,North-Bob,98386.88,83010.56,15376.320000000007,15.628425253448434,2023,12,Dec,2023-12
1045,2023-12-11,Alice,West,6400.11,22,Clothing,241.85,613.09,Returning,0.06,Cash,Online,West-Alice,13487.980000000001,5320.7,8167.280000000002,60.55228433019623,2023,12,Dec,2023-12
1053,2023-12-12,Alice,South,3382.49,47,Electronics,3551.76,3696.1,Returning,0.15,Bank Transfer,Retail,South-Alice,173716.69999999998,166932.72,6783.979999999981,3.905197370201012,2023,12,Dec,2023-12
1051,2023-12-12,Eve,North,2479.95,8,Clothing,467.11,792.21,New,0.2,Credit Card,Online,North-Eve,6337.68,3736.88,2600.8,41.03709874906906,2023,12,Dec,2023-12
1070,2023-12-13,Alice,West,100.12,8,Clothing,3762.27,4166.95,Returning,0.16,Bank Transfer,Online,West-Alice,33335.6,30098.16,3237.4399999999987,9.71165960714671,2023,12,Dec,2023-12
1092,2023-12-13,Charlie,North,3206.89,15,Clothing,2273.88,2696.02,New,0.3,Cash,Online,North-Charlie,40440.3,34108.200000000004,6332.0999999999985,15.65789571293981,2023,12,Dec,2023-12
1070,2023-12-14,Charlie,South,2032.15,33,Food,866.42,878.43,New,0.09,Cash,Retail,South-Charlie,28988.19,28591.859999999997,396.33000000000175,1.3672119576972614,2023,12,Dec,2023-12
1061,2023-12-15,Alice,North,3867.13,32,Food,2759.26,3193.25,New,0.2,Bank Transfer,Online,North-Alice,102184.0,88296.32,13887.679999999993,13.590855711265945,2023,12,Dec,2023-12
1076,2023-12-15,Bob,West,2607.4,32,Food,2636.36,2696.78,New,0.09,Cash,Retail,West-Bob,86296.96,84363.52,1933.4400000000023,2.2404497215197408,2023,12,Dec,2023-12
1043,2023-12-15,David,West,4448.18,6,Clothing,563.59,838.97,New,0.17,Credit Card,Online,West-David,5033.82,3381.54,1652.2799999999997,32.82358129611308,2023,12,Dec,2023-12
1012,2023-12-15,Bob,West,8821.63,13,Electronics,2231.66,2596.6099999999997,Returning,0.09,Bank Transfer,Retail,West-Bob,33755.92999999999,29011.579999999998,4744.349999999995,14.054863841701282,2023,12,Dec,2023-12
1045,2023-12-15,David,South,3517.4,42,Clothing,3587.74,3745.91,Returning,0.1,Cash,Online,South-David,157328.22,150685.08,6643.140000000014,4.222471976101945,2023,12,Dec,2023-12
1019,2023-12-15,David,East,8902.37,36,Clothing,1340.51,1567.92,New,0.29,Cash,Online,East-David,56445.12,48258.36,8186.760000000002,14.503928771876119,2023,12,Dec,2023-12
1074,2023-12-16,Bob,North,6310.56,19,Furniture,278.67,423.13,New,0.24,Credit Card,Online,North-Bob,8039.47,5294.7300000000005,2744.74,34.140807789568214,2023,12,Dec,2023-12
1060,2023-12-16,Eve,East,3224.71,44,Clothing,3784.96,4276.99,New,0.06,Bank Transfer,Retail,East-Eve,188187.56,166538.24,21649.320000000007,11.50411855066297,2023,12,Dec,2023-12
1076,2023-12-16,Eve,East,7160.75,30,Clothing,3519.63,3774.65,New,0.2,Credit Card,Retail,East-Eve,113239.5,105588.90000000001,7650.599999999991,6.75612308425946,2023,12,Dec,2023-12
1073,2023-12-18,Eve,West,3196.5,40,Food,157.15,436.53,New,0.04,Cash,Retail,West-Eve,17461.199999999997,6286.0,11175.199999999997,64.00018326346412,2023,12,Dec,2023-12
1014,2023-12-18,David,East,5612.17,4,Furniture,854.68,1115.24,New,0.24,Credit Card,Retail,East-David,4460.96,3418.72,1042.2400000000002,23.36358093325204,2023,12,Dec,2023-12
1043,2023-12-19,Eve,South,1633.76,12,Electronics,4920.46,5079.68,New,0.21,Credit Card,Retail,South-Eve,60956.16,59045.520000000004,1910.6399999999994,3.1344494141363226,2023,12,Dec,2023-12
1088,2023-12-19,Alice,East,8452.13,20,Clothing,4590.24,5088.28,New,0.16,Bank Transfer,Retail,East-Alice,101765.59999999999,91804.79999999999,9960.800000000003,9.787983365695288,2023,12,Dec,2023-12
1029,2023-12-19,Eve,North,5694.34,21,Food,3085.1,3200.75,New,0.21,Cash,Retail,North-Eve,67215.75,64787.1,2428.6500000000015,3.6132156525814287,2023,12,Dec,2023-12
1063,2023-12-19,Charlie,West,3889.71,46,Furniture,2302.62,2740.93,Returning,0.25,Bank Transfer,Online,West-Charlie,126082.78,105920.51999999999,20162.26000000001,15.991287628651596,2023,12,Dec,2023-12
1064,2023-12-19,Alice,West,106.47,35,Clothing,4900.03,5118.83,Returning,0.07,Credit Card,Retail,West-Alice,179159.05,171501.05,7658.0,4.274414270448521,2023,12,Dec,2023-12
1058,2023-12-20,David,North,2782.33,2,Clothing,2250.91,2558.68,New,0.09,Credit Card,Retail,North-David,5117.36,4501.82,615.54,12.028467803711289,2023,12,Dec,2023-12
1008,2023-12-20,Charlie,West,765.83,23,Clothing,2296.93,2319.62,Returning,0.23,Bank Transfer,Retail,West-Charlie,53351.259999999995,52829.39,521.8699999999953,0.9781774601012148,2023,12,Dec,2023-12
1100,2023-12-20,David,West,1629.47,39,Electronics,3685.03,3743.39,New,0.01,Bank Transfer,Online,West-David,145992.21,143716.17,2276.039999999979,1.5590146898933712,2023,12,Dec,2023-12
1069,2023-12-20,Eve,North,5429.49,12,Furniture,4682.34,5036.400000000001,New,0.2,Bank Transfer,Retail,North-Eve,60436.8,56188.08,4248.720000000001,7.030021443888493,2023,12,Dec,2023-12
1053,2023-12-21,Bob,North,660.2,44,Furniture,2045.0,2217.51,Returning,0.08,Credit Card,Online,North-Bob,97570.44,89980.0,7590.440000000002,7.779446315912895,2023,12,Dec,2023-12
1004,2023-12-22,Eve,North,8485.9,11,Clothing,4840.33,4884.29,New,0.13,Cash,Online,North-Eve,53727.19,53243.63,483.56000000000495,0.9000284585886679,2023,12,Dec,2023-12
1052,2023-12-22,Charlie,West,2858.57,18,Food,1127.86,1586.29,New,0.04,Credit Card,Online,West-Charlie,28553.22,20301.48,8251.740000000002,28.899507656229318,2023,12,Dec,2023-12
1025,2023-12-22,Bob,South,6030.54,11,Food,1250.59,1515.4899999999998,Returning,0.21,Bank Transfer,Retail,South-Bob,16670.39,13756.49,2913.8999999999996,17.479495080798948,2023,12,Dec,2023-12
1001,2023-12-22,David,West,8803.94,45,Clothing,1372.36,1687.83,New,0.02,Credit Card,Online,West-David,75952.34999999999,61756.2,14196.149999999994,18.69086341633932,2023,12,Dec,2023-12
1061,2023-12-22,Alice,North,1990.17,45,Clothing,1364.51,1844.8,Returning,0.18,Cash,Online,North-Alice,83016.0,61402.95,21613.050000000003,26.03480052038162,2023,12,Dec,2023-12
1052,2023-12-22,Charlie,West,9509.55,2,Furniture,3752.68,4017.91,Returning,0.16,Bank Transfer,Online,West-Charlie,8035.82,7505.36,530.46,6.601193157636683,2023,12,Dec,2023-12
1017,2023-12-23,Alice,East,780.27,33,Food,1551.25,1994.01,Returning,0.08,Cash,Online,East-Alice,65802.33,51191.25,14611.080000000002,22.204502484942402,2023,12,Dec,2023-12
1023,2023-12-23,Bob,East,1875.62,47,Electronics,3374.72,3483.1499999999996,Returning,0.18,Cash,Online,East-Bob,163708.05,158611.84,5096.209999999992,3.1129868079181153,2023,12,Dec,2023-12
1047,2023-12-25,David,North,7405.06,43,Electronics,1249.17,1727.15,New,0.08,Cash,Retail,North-David,74267.45,53714.310000000005,20553.139999999992,27.674492661320667,2023,12,Dec,2023-12
1056,2023-12-25,Bob,North,2809.04,25,Clothing,1154.28,1408.4,Returning,0.29,Bank Transfer,Retail,North-Bob,35210.0,28857.0,6353.0,18.043169554103947,2023,12,Dec,2023-12
1010,2023-12-25,David,South,2418.61,30,Food,3289.01,3508.1400000000003,New,0.17,Bank Transfer,Retail,South-David,105244.20000000001,98670.3,6573.900000000009,6.246329964026528,2023,12,Dec,2023-12
1005,2023-12-25,Alice,South,8635.81,28,Furniture,2146.24,2173.47,Returning,0.1,Cash,Retail,South-Alice,60857.159999999996,60094.719999999994,762.4400000000023,1.2528353278398177,2023,12,Dec,2023-12
1089,2023-12-25,Eve,South,2032.88,32,Clothing,4248.5,4706.7,New,0.01,Bank Transfer,Retail,South-Eve,150614.4,135952.0,14662.399999999994,9.735058533579787,2023,12,Dec,2023-12
1099,2023-12-26,Eve,West,6644.04,25,Electronics,4148.48,4293.69,New,0.11,Bank Transfer,Online,West-Eve,107342.24999999999,103711.99999999999,3630.25,3.3819395438422433,2023,12,Dec,2023-12
1032,2023-12-26,David,South,4244.21,11,Clothing,4100.62,4230.0,New,0.29,Bank Transfer,Online,South-David,46530.0,45106.82,1423.1800000000003,3.0586288416075655,2023,12,Dec,2023-12
1024,2023-12-26,David,North,2565.19,17,Furniture,4114.66,4269.0199999999995,Returning,0.27,Bank Transfer,Retail,North-David,72573.34,69949.22,2624.1199999999953,3.615818150301468,2023,12,Dec,2023-12
1072,2023-12-26,Charlie,North,3635.5,23,Furniture,1662.83,2074.25,New,0.12,Bank Transfer,Online,North-Charlie,47707.75,38245.09,9462.660000000003,19.83463902615404,2023,12,Dec,2023-12
1056,2023-12-27,Bob,East,7979.67,4,Food,1612.82,1647.25,Returning,0.04,Credit Card,Retail,East-Bob,6589.0,6451.28,137.72000000000025,2.090150250417366,2023,12,Dec,2023-12
1071,2023-12-27,David,East,4752.88,40,Food,1447.72,1875.75,New,0.13,Cash,Retail,East-David,75030.0,57908.8,17121.199999999997,22.819139011062237,2023,12,Dec,2023-12
1057,2023-12-27,Bob,South,3772.32,31,Furniture,2403.16,2453.35,Returning,0.19,Credit Card,Online,South-Bob,76053.84999999999,74497.95999999999,1555.8899999999994,2.045774145556076,2023,12,Dec,2023-12
1086,2023-12-28,Bob,West,1837.37,46,Furniture,83.86,526.14,Returning,0.11,Credit Card,Online,West-Bob,24202.44,3857.56,20344.879999999997,84.06127646633975,2023,12,Dec,2023-12
1065,2023-12-28,David,West,6139.07,18,Food,4334.58,4431.04,New,0.02,Bank Transfer,Retail,West-David,79758.72,78022.44,1736.2799999999988,2.1769155773813806,2023,12,Dec,2023-12
1024,2023-12-29,Eve,North,9190.57,5,Furniture,3417.9,3714.52,Returning,0.27,Credit Card,Retail,North-Eve,18572.6,17089.5,1483.0999999999985,7.985419381239023,2023,12,Dec,2023-12
1058,2023-12-29,David,North,2714.21,34,Electronics,3160.61,3273.2200000000003,Returning,0.08,Credit Card,Retail,North-David,111289.48000000001,107460.74,3828.7400000000052,3.4403431483371163,2023,12,Dec,2023-12
1022,2023-12-29,David,North,4557.52,10,Furniture,1830.61,2044.04,New,0.11,Cash,Online,North-David,20440.4,18306.1,2134.300000000003,10.44157648578307,2023,12,Dec,2023-12
1049,2023-12-29,Charlie,South,4380.23,38,Food,2945.92,3381.2200000000003,Returning,0.23,Cash,Retail,South-Charlie,128486.36000000002,111944.96,16541.40000000001,12.87405137790502,2023,12,Dec,2023-12
1099,2023-12-30,Bob,West,9450.04,29,Electronics,3124.87,3383.67,New,0.05,Credit Card,Retail,West-Bob,98126.43000000001,90621.23,7505.200000000012,7.6485000014776965,2023,12,Dec,2023-12
1065,2023-12-30,David,South,6801.71,9,Clothing,335.82,498.31,New,0.26,Cash,Retail,South-David,4484.79,3022.38,1462.4099999999999,32.60821576930023,2023,12,Dec,2023-12
1003,2023-12-30,Alice,East,640.88,17,Furniture,395.11,676.6600000000001,Returning,0.25,Cash,Retail,East-Alice,11503.220000000001,6716.87,4786.350000000001,41.60878432299827,2023,12,Dec,2023-12
1025,2023-12-30,David,West,9215.32,28,Electronics,2097.84,2270.99,New,0.13,Credit Card,Retail,West-David,63587.719999999994,58739.520000000004,4848.19999999999,7.624428112849446,2023,12,Dec,2023-12
1058,2023-12-31,Alice,West,4643.51,44,Clothing,1910.47,2217.8,New,0.22,Bank Transfer,Online,West-Alice,97583.20000000001,84060.68000000001,13522.520000000004,13.857426278293808,2023,12,Dec,2023-12
1086,2023-12-31,Alice,South,9269.32,33,Clothing,3419.33,3890.36,Returning,0.21,Cash,Retail,South-Alice,128381.88,112837.89,15543.990000000005,12.107619860372823,2023,12,Dec,2023-12
1003,2023-12-31,Alice,South,4775.59,30,Furniture,4190.28,4270.65,New,0.2,Cash,Online,South-Alice,128119.49999999999,125708.4,2411.0999999999913,1.8819149309823966,2023,12,Dec,2023-12
1090,2023-12-31,Eve,West,3333.73,46,Clothing,4665.12,4675.9,New,0.19,Cash,Retail,West-Eve,215091.4,214595.52,495.88000000000466,0.2305438525203726,2023,12,Dec,2023-12
1094,2023-12-31,Bob,South,6586.22,15,Food,4111.93,4338.67,Returning,0.26,Credit Card,Online,South-Bob,65080.05,61678.950000000004,3401.0999999999985,5.226025487073225,2023,12,Dec,2023-12
1018,2024-01-01,Alice,West,8579.72,24,Electronics,1362.78,1729.81,New,0.29,Bank Transfer,Online,West-Alice,41515.44,32706.72,8808.720000000001,21.217937230100418,2024,1,Jan,2024-01
1098,2024-01-01,Bob,South,2370.72,11,Clothing,213.41,503.36,Returning,0.27,Bank Transfer,Online,South-Bob,5536.96,2347.5099999999998,3189.4500000000003,57.60290845518119,2024,1,Jan,2024-01
1078,2024-01-01,David,East,8377.57,42,Food,63.41,314.93,Returning,0.03,Cash,Retail,East-David,13227.06,2663.22,10563.84,79.8653669069317,2024,1,Jan,2024-01
